{
"lengthUnit": "mil",
"remark": [],
"components": {
	"fields": ["COMPONENT_NO", "COMPONENT_NAME", "LAYER", "X_COORDINATE", "Y_COORDINATE", "ANGLE"],
	"rows": [
		[1, "KEY1", "T", 3350, -2295, 180],
		[2, "R1", "T", 2534.3655, -2409.6495, 270],
		[3, "R2", "T", 2410.1925, -2409.6495, 270],
		[4, "R3", "T", 2286.0195, -2409.6495, 270],
		[5, "R4", "T", 2161.8465, -2409.6495, 270],
		[6, "R5", "T", 2037.6735, -2409.6495, 270],
		[7, "R6", "T", 1913.5005, -2409.6495, 270],
		[8, "R7", "T", 1789.3275, -2409.6495, 270],
		[9, "R8", "T", 1665.1545, -2409.6495, 270],
		[10, "R9", "T", 1535, -2410, 90],
		[11, "R10", "T", 2660, -2410, 90],
		[12, "R11", "T", 1405, -2410, 90],
		[13, "U1", "T", 1180, -1290, 90],
		[14, "U2", "T", 580, -1290, 90],
		[15, "U3", "T", 1780, -1290, 90],
		[16, "U6", "T", 410, -525, 0],
		[17, "U7", "T", 2190, -965, 0],
		[18, "U9", "T", 605, -2125, 270],
		[19, "PAD1", "T", 1330, -1640, 0],
		[20, "PAD1", "B", 1330, -1640, 0],
		[21, "PAD2", "T", 1330, -1540, 0],
		[22, "PAD2", "B", 1330, -1540, 0],
		[23, "PAD3", "T", 1330, -1440, 0],
		[24, "PAD3", "B", 1330, -1440, 0],
		[25, "PAD4", "T", 1330, -1340, 0],
		[26, "PAD4", "B", 1330, -1340, 0],
		[27, "PAD5", "T", 1330, -1240, 0],
		[28, "PAD5", "B", 1330, -1240, 0],
		[29, "PAD6", "T", 1330, -1140, 0],
		[30, "PAD6", "B", 1330, -1140, 0],
		[31, "PAD7", "T", 1330, -1040, 0],
		[32, "PAD7", "B", 1330, -1040, 0],
		[33, "PAD8", "T", 1330, -940, 0],
		[34, "PAD8", "B", 1330, -940, 0],
		[35, "PAD9", "T", 1030, -1040, 0],
		[36, "PAD9", "B", 1030, -1040, 0],
		[37, "PAD10", "T", 1030, -1140, 0],
		[38, "PAD10", "B", 1030, -1140, 0],
		[39, "PAD11", "T", 1030, -1240, 0],
		[40, "PAD11", "B", 1030, -1240, 0],
		[41, "PAD12", "T", 1030, -1340, 0],
		[42, "PAD12", "B", 1030, -1340, 0],
		[43, "PAD13", "T", 1030, -1440, 0],
		[44, "PAD13", "B", 1030, -1440, 0],
		[45, "PAD14", "T", 1030, -1540, 0],
		[46, "PAD14", "B", 1030, -1540, 0],
		[47, "PAD15", "T", 1030, -1640, 0],
		[48, "PAD15", "B", 1030, -1640, 0],
		[49, "PAD16", "T", 730, -1640, 0],
		[50, "PAD16", "B", 730, -1640, 0],
		[51, "PAD17", "T", 730, -1540, 0],
		[52, "PAD17", "B", 730, -1540, 0],
		[53, "PAD18", "T", 730, -1440, 0],
		[54, "PAD18", "B", 730, -1440, 0],
		[55, "PAD19", "T", 730, -1340, 0],
		[56, "PAD19", "B", 730, -1340, 0],
		[57, "PAD20", "T", 730, -1240, 0],
		[58, "PAD20", "B", 730, -1240, 0],
		[59, "PAD21", "T", 730, -1140, 0],
		[60, "PAD21", "B", 730, -1140, 0],
		[61, "PAD22", "T", 730, -1040, 0],
		[62, "PAD22", "B", 730, -1040, 0],
		[63, "PAD23", "T", 730, -940, 0],
		[64, "PAD23", "B", 730, -940, 0],
		[65, "PAD24", "T", 430, -940, 0],
		[66, "PAD24", "B", 430, -940, 0],
		[67, "PAD25", "T", 430, -1040, 0],
		[68, "PAD25", "B", 430, -1040, 0],
		[69, "PAD26", "T", 430, -1140, 0],
		[70, "PAD26", "B", 430, -1140, 0],
		[71, "PAD27", "T", 430, -1240, 0],
		[72, "PAD27", "B", 430, -1240, 0],
		[73, "PAD28", "T", 430, -1340, 0],
		[74, "PAD28", "B", 430, -1340, 0],
		[75, "PAD29", "T", 430, -1440, 0],
		[76, "PAD29", "B", 430, -1440, 0],
		[77, "PAD30", "T", 430, -1540, 0],
		[78, "PAD30", "B", 430, -1540, 0],
		[79, "PAD31", "T", 430, -1640, 0],
		[80, "PAD31", "B", 430, -1640, 0],
		[81, "PAD32", "T", 1930, -1640, 0],
		[82, "PAD32", "B", 1930, -1640, 0],
		[83, "PAD33", "T", 1930, -1540, 0],
		[84, "PAD33", "B", 1930, -1540, 0],
		[85, "PAD34", "T", 1930, -1440, 0],
		[86, "PAD34", "B", 1930, -1440, 0],
		[87, "PAD35", "T", 1930, -1340, 0],
		[88, "PAD35", "B", 1930, -1340, 0],
		[89, "PAD36", "T", 1930, -1240, 0],
		[90, "PAD36", "B", 1930, -1240, 0],
		[91, "PAD37", "T", 1930, -1140, 0],
		[92, "PAD37", "B", 1930, -1140, 0],
		[93, "PAD38", "T", 1930, -1040, 0],
		[94, "PAD38", "B", 1930, -1040, 0],
		[95, "PAD39", "T", 1930, -940, 0],
		[96, "PAD39", "B", 1930, -940, 0],
		[97, "PAD40", "T", 1630, -940, 0],
		[98, "PAD40", "B", 1630, -940, 0],
		[99, "PAD41", "T", 1630, -1040, 0],
		[100, "PAD41", "B", 1630, -1040, 0],
		[101, "PAD42", "T", 1630, -1140, 0],
		[102, "PAD42", "B", 1630, -1140, 0],
		[103, "PAD43", "T", 1630, -1240, 0],
		[104, "PAD43", "B", 1630, -1240, 0],
		[105, "PAD44", "T", 1630, -1340, 0],
		[106, "PAD44", "B", 1630, -1340, 0],
		[107, "PAD45", "T", 1630, -1440, 0],
		[108, "PAD45", "B", 1630, -1440, 0],
		[109, "PAD46", "T", 1630, -1540, 0],
		[110, "PAD46", "B", 1630, -1540, 0],
		[111, "PAD47", "T", 1630, -1640, 0],
		[112, "PAD47", "B", 1630, -1640, 0],
		[113, "PAD48", "T", 2685, -1555, 0],
		[114, "PAD48", "B", 2685, -1555, 0],
		[115, "PAD49", "T", 2785, -1555, 0],
		[116, "PAD49", "B", 2785, -1555, 0],
		[117, "PAD50", "T", 2885, -1555, 0],
		[118, "PAD50", "B", 2885, -1555, 0],
		[119, "PAD51", "T", 2985, -1555, 0],
		[120, "PAD51", "B", 2985, -1555, 0],
		[121, "PAD52", "T", 3085, -1555, 0],
		[122, "PAD52", "B", 3085, -1555, 0],
		[123, "PAD53", "T", 3185, -1555, 0],
		[124, "PAD53", "B", 3185, -1555, 0],
		[125, "PAD54", "T", 3285, -1555, 0],
		[126, "PAD54", "B", 3285, -1555, 0],
		[127, "PAD55", "T", 3385, -1555, 0],
		[128, "PAD55", "B", 3385, -1555, 0],
		[129, "PAD56", "T", 3485, -1555, 0],
		[130, "PAD56", "B", 3485, -1555, 0],
		[131, "PAD57", "T", 3585, -1555, 0],
		[132, "PAD57", "B", 3585, -1555, 0],
		[133, "PAD58", "T", 3685, -955, 0],
		[134, "PAD58", "B", 3685, -955, 0],
		[135, "PAD59", "T", 3285, -955, 0],
		[136, "PAD59", "B", 3285, -955, 0],
		[137, "PAD60", "T", 3185, -955, 0],
		[138, "PAD60", "B", 3185, -955, 0],
		[139, "PAD61", "T", 3085, -955, 0],
		[140, "PAD61", "B", 3085, -955, 0],
		[141, "PAD62", "T", 2985, -955, 0],
		[142, "PAD62", "B", 2985, -955, 0],
		[143, "PAD63", "T", 2885, -955, 0],
		[144, "PAD63", "B", 2885, -955, 0],
		[145, "PAD64", "T", 2785, -955, 0],
		[146, "PAD64", "B", 2785, -955, 0],
		[147, "PAD65", "T", 2685, -955, 0],
		[148, "PAD65", "B", 2685, -955, 0],
		[149, "PAD66", "T", 2585, -955, 0],
		[150, "PAD66", "B", 2585, -955, 0],
		[151, "PAD67", "T", 2385, -955, 0],
		[152, "PAD67", "B", 2385, -955, 0],
		[153, "PAD68", "T", 1000.5512, -525, 0],
		[154, "PAD68", "B", 1000.5512, -525, 0],
		[155, "PAD69", "T", 1098.9764, -525, 0],
		[156, "PAD69", "B", 1098.9764, -525, 0],
		[157, "PAD70", "T", 1197.4016, -525, 0],
		[158, "PAD70", "B", 1197.4016, -525, 0],
		[159, "PAD71", "T", 1295.8268, -525, 0],
		[160, "PAD71", "B", 1295.8268, -525, 0],
		[161, "PAD72", "T", 1394.252, -525, 0],
		[162, "PAD72", "B", 1394.252, -525, 0],
		[163, "PAD73", "T", 1492.6772, -525, 0],
		[164, "PAD73", "B", 1492.6772, -525, 0],
		[165, "PAD74", "T", 1591.1024, -525, 0],
		[166, "PAD74", "B", 1591.1024, -525, 0],
		[167, "PAD75", "T", 1689.5276, -525, 0],
		[168, "PAD75", "B", 1689.5276, -525, 0],
		[169, "PAD76", "T", 1787.9528, -525, 0],
		[170, "PAD76", "B", 1787.9528, -525, 0],
		[171, "PAD77", "T", 1886.378, -525, 0],
		[172, "PAD77", "B", 1886.378, -525, 0],
		[173, "PAD78", "T", 1984.8031, -525, 0],
		[174, "PAD78", "B", 1984.8031, -525, 0],
		[175, "PAD79", "T", 2083.2283, -525, 0],
		[176, "PAD79", "B", 2083.2283, -525, 0],
		[177, "PAD80", "T", 2181.6535, -525, 0],
		[178, "PAD80", "B", 2181.6535, -525, 0],
		[179, "PAD81", "T", 2378.5039, -525, 0],
		[180, "PAD81", "B", 2378.5039, -525, 0],
		[181, "PAD82", "T", 2476.9291, -525, 0],
		[182, "PAD82", "B", 2476.9291, -525, 0],
		[183, "PAD83", "T", 2575.3543, -525, 0],
		[184, "PAD83", "B", 2575.3543, -525, 0],
		[185, "PAD84", "T", 2673.7795, -525, 0],
		[186, "PAD84", "B", 2673.7795, -525, 0],
		[187, "PAD85", "T", 2772.2047, -525, 0],
		[188, "PAD85", "B", 2772.2047, -525, 0],
		[189, "PAD86", "T", 3067.4803, -525, 0],
		[190, "PAD86", "B", 3067.4803, -525, 0],
		[191, "PAD87", "T", 3165.9055, -525, 0],
		[192, "PAD87", "B", 3165.9055, -525, 0],
		[193, "PAD88", "T", 1098.9764, -249.4094, 0],
		[194, "PAD88", "B", 1098.9764, -249.4094, 0],
		[195, "PAD89", "T", 1197.4016, -249.4094, 0],
		[196, "PAD89", "B", 1197.4016, -249.4094, 0],
		[197, "PAD90", "T", 1295.8268, -249.4094, 0],
		[198, "PAD90", "B", 1295.8268, -249.4094, 0],
		[199, "PAD91", "T", 1394.252, -249.4094, 0],
		[200, "PAD91", "B", 1394.252, -249.4094, 0],
		[201, "PAD92", "T", 1492.6772, -249.4094, 0],
		[202, "PAD92", "B", 1492.6772, -249.4094, 0],
		[203, "PAD93", "T", 1591.1024, -249.4094, 0],
		[204, "PAD93", "B", 1591.1024, -249.4094, 0],
		[205, "PAD94", "T", 1689.5276, -249.4094, 0],
		[206, "PAD94", "B", 1689.5276, -249.4094, 0],
		[207, "PAD95", "T", 1787.9528, -249.4094, 0],
		[208, "PAD95", "B", 1787.9528, -249.4094, 0],
		[209, "PAD96", "T", 1886.378, -249.4094, 0],
		[210, "PAD96", "B", 1886.378, -249.4094, 0],
		[211, "PAD97", "T", 1984.8031, -249.4094, 0],
		[212, "PAD97", "B", 1984.8031, -249.4094, 0],
		[213, "PAD98", "T", 2083.2283, -249.4094, 0],
		[214, "PAD98", "B", 2083.2283, -249.4094, 0],
		[215, "PAD99", "T", 2181.6535, -249.4094, 0],
		[216, "PAD99", "B", 2181.6535, -249.4094, 0],
		[217, "PAD100", "T", 2280.0787, -249.4094, 0],
		[218, "PAD100", "B", 2280.0787, -249.4094, 0],
		[219, "PAD101", "T", 2378.5039, -249.4094, 0],
		[220, "PAD101", "B", 2378.5039, -249.4094, 0],
		[221, "PAD102", "T", 2476.9291, -249.4094, 0],
		[222, "PAD102", "B", 2476.9291, -249.4094, 0],
		[223, "PAD103", "T", 2575.3543, -249.4094, 0],
		[224, "PAD103", "B", 2575.3543, -249.4094, 0],
		[225, "PAD104", "T", 2673.7795, -249.4094, 0],
		[226, "PAD104", "B", 2673.7795, -249.4094, 0],
		[227, "PAD105", "T", 2772.2047, -249.4094, 0],
		[228, "PAD105", "B", 2772.2047, -249.4094, 0],
		[229, "PAD106", "T", 2534.3655, -2206.8895, 0],
		[230, "PAD106", "B", 2534.3655, -2206.8895, 0],
		[231, "PAD107", "T", 2534.3655, -2612.4095, 0],
		[232, "PAD107", "B", 2534.3655, -2612.4095, 0],
		[233, "PAD108", "T", 2410.1925, -2206.8895, 0],
		[234, "PAD108", "B", 2410.1925, -2206.8895, 0],
		[235, "PAD109", "T", 2410.1925, -2612.4095, 0],
		[236, "PAD109", "B", 2410.1925, -2612.4095, 0],
		[237, "PAD110", "T", 2286.0195, -2206.8895, 0],
		[238, "PAD110", "B", 2286.0195, -2206.8895, 0],
		[239, "PAD111", "T", 2286.0195, -2612.4095, 0],
		[240, "PAD111", "B", 2286.0195, -2612.4095, 0],
		[241, "PAD112", "T", 2161.8465, -2206.8895, 0],
		[242, "PAD112", "B", 2161.8465, -2206.8895, 0],
		[243, "PAD113", "T", 2161.8465, -2612.4095, 0],
		[244, "PAD113", "B", 2161.8465, -2612.4095, 0],
		[245, "PAD114", "T", 2037.6735, -2206.8895, 0],
		[246, "PAD114", "B", 2037.6735, -2206.8895, 0],
		[247, "PAD115", "T", 2037.6735, -2612.4095, 0],
		[248, "PAD115", "B", 2037.6735, -2612.4095, 0],
		[249, "PAD116", "T", 1913.5005, -2206.8895, 0],
		[250, "PAD116", "B", 1913.5005, -2206.8895, 0],
		[251, "PAD117", "T", 1913.5005, -2612.4095, 0],
		[252, "PAD117", "B", 1913.5005, -2612.4095, 0],
		[253, "PAD118", "T", 1789.3275, -2206.8895, 0],
		[254, "PAD118", "B", 1789.3275, -2206.8895, 0],
		[255, "PAD119", "T", 1789.3275, -2612.4095, 0],
		[256, "PAD119", "B", 1789.3275, -2612.4095, 0],
		[257, "PAD120", "T", 1665.1545, -2206.8895, 0],
		[258, "PAD120", "B", 1665.1545, -2206.8895, 0],
		[259, "PAD121", "T", 1665.1545, -2612.4095, 0],
		[260, "PAD121", "B", 1665.1545, -2612.4095, 0],
		[261, "PAD122", "T", 1535, -2612.76, 0],
		[262, "PAD122", "B", 1535, -2612.76, 0],
		[263, "PAD123", "T", 1535, -2207.24, 0],
		[264, "PAD123", "B", 1535, -2207.24, 0],
		[265, "PAD124", "T", 700, -2517.126, 0],
		[266, "PAD124", "B", 700, -2517.126, 0],
		[267, "PAD125", "T", 700, -2320.2756, 0],
		[268, "PAD125", "B", 700, -2320.2756, 0],
		[269, "PAD126", "T", 700, -2221.8504, 0],
		[270, "PAD126", "B", 700, -2221.8504, 0],
		[271, "PAD127", "T", 700, -2123.4252, 0],
		[272, "PAD127", "B", 700, -2123.4252, 0],
		[273, "PAD128", "T", 2660, -2612.76, 0],
		[274, "PAD128", "B", 2660, -2612.76, 0],
		[275, "PAD129", "T", 2660, -2207.24, 0],
		[276, "PAD129", "B", 2660, -2207.24, 0],
		[277, "PAD130", "T", 3103.94, -2196.575, 0],
		[278, "PAD130", "B", 3103.94, -2196.575, 0],
		[279, "PAD131", "T", 3596.06, -2196.575, 0],
		[280, "PAD131", "B", 3596.06, -2196.575, 0],
		[281, "PAD132", "T", 3103.94, -2393.425, 0],
		[282, "PAD132", "B", 3103.94, -2393.425, 0],
		[283, "PAD133", "T", 1405, -2612.76, 0],
		[284, "PAD133", "B", 1405, -2612.76, 0],
		[285, "PAD134", "T", 1405, -2207.24, 0],
		[286, "PAD134", "B", 1405, -2207.24, 0]
	]
},
"pins": {
	"fields": ["PIN_NO", "PIN_NAME", "PIN_X", "PIN_Y", "LAYER", "PIN_TYPE", "NET_NAME", "NET_TYPE", "PAD_SHAPE", "PAD_SIZEX", "PAD_SIZEY", "HOLE_SIZE", "HOLE_LEN", "PAD_ANGLE"],
	"rows": [
		[1, "KEY1_1", 3103.94, -2196.575, "T", "DIP", "$1N15162", "", "C", 78.74, 78.74, 51.182, 51.182, 180],
		[2, "KEY1_1", 3103.94, -2196.575, "B", "DIP", "$1N15162", "", "C", 78.74, 78.74, 51.182, 51.182, 180],
		[3, "KEY1_2", 3596.06, -2196.575, "T", "DIP", "AR5", "", "C", 78.74, 78.74, 51.182, 51.182, 180],
		[4, "KEY1_2", 3596.06, -2196.575, "B", "DIP", "AR5", "", "C", 78.74, 78.74, 51.182, 51.182, 180],
		[5, "KEY1_3", 3103.94, -2393.425, "T", "DIP", "VCC", "", "C", 78.74, 78.74, 51.182, 51.182, 180],
		[6, "KEY1_3", 3103.94, -2393.425, "B", "DIP", "VCC", "", "C", 78.74, 78.74, 51.182, 51.182, 180],
		[7, "KEY1_4", 3596.06, -2393.425, "T", "DIP", "NET_1", "", "C", 78.74, 78.74, 51.182, 51.182, 180],
		[8, "KEY1_4", 3596.06, -2393.425, "B", "DIP", "NET_1", "", "C", 78.74, 78.74, 51.182, 51.182, 180],
		[9, "R1_1", 2534.3655, -2206.8895, "T", "DIP", "D0", "", "C", 60, 60, 39.37, 39.37, 270],
		[10, "R1_1", 2534.3655, -2206.8895, "B", "DIP", "D0", "", "C", 60, 60, 39.37, 39.37, 270],
		[11, "R1_2", 2534.3655, -2612.4095, "T", "DIP", "GND", "GND", "C", 60, 60, 39.37, 39.37, 270],
		[12, "R1_2", 2534.3655, -2612.4095, "B", "DIP", "GND", "GND", "C", 60, 60, 39.37, 39.37, 270],
		[13, "R2_1", 2410.1925, -2206.8895, "T", "DIP", "D1", "", "C", 60, 60, 39.37, 39.37, 270],
		[14, "R2_1", 2410.1925, -2206.8895, "B", "DIP", "D1", "", "C", 60, 60, 39.37, 39.37, 270],
		[15, "R2_2", 2410.1925, -2612.4095, "T", "DIP", "GND", "GND", "C", 60, 60, 39.37, 39.37, 270],
		[16, "R2_2", 2410.1925, -2612.4095, "B", "DIP", "GND", "GND", "C", 60, 60, 39.37, 39.37, 270],
		[17, "R3_1", 2286.0195, -2206.8895, "T", "DIP", "D2", "", "C", 60, 60, 39.37, 39.37, 270],
		[18, "R3_1", 2286.0195, -2206.8895, "B", "DIP", "D2", "", "C", 60, 60, 39.37, 39.37, 270],
		[19, "R3_2", 2286.0195, -2612.4095, "T", "DIP", "GND", "GND", "C", 60, 60, 39.37, 39.37, 270],
		[20, "R3_2", 2286.0195, -2612.4095, "B", "DIP", "GND", "GND", "C", 60, 60, 39.37, 39.37, 270],
		[21, "R4_1", 2161.8465, -2206.8895, "T", "DIP", "D3", "", "C", 60, 60, 39.37, 39.37, 270],
		[22, "R4_1", 2161.8465, -2206.8895, "B", "DIP", "D3", "", "C", 60, 60, 39.37, 39.37, 270],
		[23, "R4_2", 2161.8465, -2612.4095, "T", "DIP", "GND", "GND", "C", 60, 60, 39.37, 39.37, 270],
		[24, "R4_2", 2161.8465, -2612.4095, "B", "DIP", "GND", "GND", "C", 60, 60, 39.37, 39.37, 270],
		[25, "R5_1", 2037.6735, -2206.8895, "T", "DIP", "D4", "", "C", 60, 60, 39.37, 39.37, 270],
		[26, "R5_1", 2037.6735, -2206.8895, "B", "DIP", "D4", "", "C", 60, 60, 39.37, 39.37, 270],
		[27, "R5_2", 2037.6735, -2612.4095, "T", "DIP", "GND", "GND", "C", 60, 60, 39.37, 39.37, 270],
		[28, "R5_2", 2037.6735, -2612.4095, "B", "DIP", "GND", "GND", "C", 60, 60, 39.37, 39.37, 270],
		[29, "R6_1", 1913.5005, -2206.8895, "T", "DIP", "D5", "", "C", 60, 60, 39.37, 39.37, 270],
		[30, "R6_1", 1913.5005, -2206.8895, "B", "DIP", "D5", "", "C", 60, 60, 39.37, 39.37, 270],
		[31, "R6_2", 1913.5005, -2612.4095, "T", "DIP", "GND", "GND", "C", 60, 60, 39.37, 39.37, 270],
		[32, "R6_2", 1913.5005, -2612.4095, "B", "DIP", "GND", "GND", "C", 60, 60, 39.37, 39.37, 270],
		[33, "R7_1", 1789.3275, -2206.8895, "T", "DIP", "D6", "", "C", 60, 60, 39.37, 39.37, 270],
		[34, "R7_1", 1789.3275, -2206.8895, "B", "DIP", "D6", "", "C", 60, 60, 39.37, 39.37, 270],
		[35, "R7_2", 1789.3275, -2612.4095, "T", "DIP", "GND", "GND", "C", 60, 60, 39.37, 39.37, 270],
		[36, "R7_2", 1789.3275, -2612.4095, "B", "DIP", "GND", "GND", "C", 60, 60, 39.37, 39.37, 270],
		[37, "R8_1", 1665.1545, -2206.8895, "T", "DIP", "D7", "", "C", 60, 60, 39.37, 39.37, 270],
		[38, "R8_1", 1665.1545, -2206.8895, "B", "DIP", "D7", "", "C", 60, 60, 39.37, 39.37, 270],
		[39, "R8_2", 1665.1545, -2612.4095, "T", "DIP", "GND", "GND", "C", 60, 60, 39.37, 39.37, 270],
		[40, "R8_2", 1665.1545, -2612.4095, "B", "DIP", "GND", "GND", "C", 60, 60, 39.37, 39.37, 270],
		[41, "R9_1", 1535, -2612.76, "T", "DIP", "GND", "GND", "C", 60, 60, 39.37, 39.37, 90],
		[42, "R9_1", 1535, -2612.76, "B", "DIP", "GND", "GND", "C", 60, 60, 39.37, 39.37, 90],
		[43, "R9_2", 1535, -2207.24, "T", "DIP", "AR6", "", "C", 60, 60, 39.37, 39.37, 90],
		[44, "R9_2", 1535, -2207.24, "B", "DIP", "AR6", "", "C", 60, 60, 39.37, 39.37, 90],
		[45, "R10_1", 2660, -2612.76, "T", "DIP", "GND", "GND", "C", 60, 60, 39.37, 39.37, 90],
		[46, "R10_1", 2660, -2612.76, "B", "DIP", "GND", "GND", "C", 60, 60, 39.37, 39.37, 90],
		[47, "R10_2", 2660, -2207.24, "T", "DIP", "$1N15162", "", "C", 60, 60, 39.37, 39.37, 90],
		[48, "R10_2", 2660, -2207.24, "B", "DIP", "$1N15162", "", "C", 60, 60, 39.37, 39.37, 90],
		[49, "R11_1", 1405, -2612.76, "T", "DIP", "GND", "GND", "C", 60, 60, 39.37, 39.37, 90],
		[50, "R11_1", 1405, -2612.76, "B", "DIP", "GND", "GND", "C", 60, 60, 39.37, 39.37, 90],
		[51, "R11_2", 1405, -2207.24, "T", "DIP", "AR7", "", "C", 60, 60, 39.37, 39.37, 90],
		[52, "R11_2", 1405, -2207.24, "B", "DIP", "AR7", "", "C", 60, 60, 39.37, 39.37, 90],
		[53, "U1_1", 1330, -1640, "T", "DIP", "BA1", "", "C", 62.992, 62.992, 39.37, 39.37, 180],
		[54, "U1_1", 1330, -1640, "B", "DIP", "BA1", "", "C", 62.992, 62.992, 39.37, 39.37, 180],
		[55, "U1_2", 1330, -1540, "T", "DIP", "BA2", "", "C", 62.992, 62.992, 39.37, 39.37, 180],
		[56, "U1_2", 1330, -1540, "B", "DIP", "BA2", "", "C", 62.992, 62.992, 39.37, 39.37, 180],
		[57, "U1_3", 1330, -1440, "T", "DIP", "BA3", "", "C", 62.992, 62.992, 39.37, 39.37, 180],
		[58, "U1_3", 1330, -1440, "B", "DIP", "BA3", "", "C", 62.992, 62.992, 39.37, 39.37, 180],
		[59, "U1_4", 1330, -1340, "T", "DIP", "BA4", "", "C", 62.992, 62.992, 39.37, 39.37, 180],
		[60, "U1_4", 1330, -1340, "B", "DIP", "BA4", "", "C", 62.992, 62.992, 39.37, 39.37, 180],
		[61, "U1_5", 1330, -1240, "T", "DIP", "BA5", "", "C", 62.992, 62.992, 39.37, 39.37, 180],
		[62, "U1_5", 1330, -1240, "B", "DIP", "BA5", "", "C", 62.992, 62.992, 39.37, 39.37, 180],
		[63, "U1_6", 1330, -1140, "T", "DIP", "BA6", "", "C", 62.992, 62.992, 39.37, 39.37, 180],
		[64, "U1_6", 1330, -1140, "B", "DIP", "BA6", "", "C", 62.992, 62.992, 39.37, 39.37, 180],
		[65, "U1_7", 1330, -1040, "T", "DIP", "BA7", "", "C", 62.992, 62.992, 39.37, 39.37, 180],
		[66, "U1_7", 1330, -1040, "B", "DIP", "BA7", "", "C", 62.992, 62.992, 39.37, 39.37, 180],
		[67, "U1_8", 1330, -940, "T", "DIP", "GND", "GND", "C", 62.992, 62.992, 39.37, 39.37, 180],
		[68, "U1_8", 1330, -940, "B", "DIP", "GND", "GND", "C", 62.992, 62.992, 39.37, 39.37, 180],
		[69, "U1_9", 1030, -940, "T", "DIP", "NET_2", "", "C", 62.992, 62.992, 39.37, 39.37, 180],
		[70, "U1_9", 1030, -940, "B", "DIP", "NET_2", "", "C", 62.992, 62.992, 39.37, 39.37, 180],
		[71, "U1_10", 1030, -1040, "T", "DIP", "5V", "", "C", 62.992, 62.992, 39.37, 39.37, 180],
		[72, "U1_10", 1030, -1040, "B", "DIP", "5V", "", "C", 62.992, 62.992, 39.37, 39.37, 180],
		[73, "U1_11", 1030, -1140, "T", "DIP", "D13", "", "C", 62.992, 62.992, 37.7952, 37.7952, 180],
		[74, "U1_11", 1030, -1140, "B", "DIP", "D13", "", "C", 62.992, 62.992, 37.7952, 37.7952, 180],
		[75, "U1_12", 1030, -1240, "T", "DIP", "LATCH12", "", "C", 62.992, 62.992, 39.37, 39.37, 180],
		[76, "U1_12", 1030, -1240, "B", "DIP", "LATCH12", "", "C", 62.992, 62.992, 39.37, 39.37, 180],
		[77, "U1_13", 1030, -1340, "T", "DIP", "GND", "GND", "C", 62.992, 62.992, 39.37, 39.37, 180],
		[78, "U1_13", 1030, -1340, "B", "DIP", "GND", "GND", "C", 62.992, 62.992, 39.37, 39.37, 180],
		[79, "U1_14", 1030, -1440, "T", "DIP", "U1_U2", "", "C", 62.992, 62.992, 39.37, 39.37, 180],
		[80, "U1_14", 1030, -1440, "B", "DIP", "U1_U2", "", "C", 62.992, 62.992, 39.37, 39.37, 180],
		[81, "U1_15", 1030, -1540, "T", "DIP", "BA0", "", "C", 62.992, 62.992, 39.37, 39.37, 180],
		[82, "U1_15", 1030, -1540, "B", "DIP", "BA0", "", "C", 62.992, 62.992, 39.37, 39.37, 180],
		[83, "U1_16", 1030, -1640, "T", "DIP", "5V", "", "C", 62.992, 62.992, 39.37, 39.37, 180],
		[84, "U1_16", 1030, -1640, "B", "DIP", "5V", "", "C", 62.992, 62.992, 39.37, 39.37, 180],
		[85, "U2_1", 730, -1640, "T", "DIP", "A9", "", "C", 62.992, 62.992, 39.37, 39.37, 180],
		[86, "U2_1", 730, -1640, "B", "DIP", "A9", "", "C", 62.992, 62.992, 39.37, 39.37, 180],
		[87, "U2_2", 730, -1540, "T", "DIP", "A10", "", "C", 62.992, 62.992, 39.37, 39.37, 180],
		[88, "U2_2", 730, -1540, "B", "DIP", "A10", "", "C", 62.992, 62.992, 39.37, 39.37, 180],
		[89, "U2_3", 730, -1440, "T", "DIP", "A11", "", "C", 62.992, 62.992, 39.37, 39.37, 180],
		[90, "U2_3", 730, -1440, "B", "DIP", "A11", "", "C", 62.992, 62.992, 39.37, 39.37, 180],
		[91, "U2_4", 730, -1340, "T", "DIP", "A12", "", "C", 62.992, 62.992, 39.37, 39.37, 180],
		[92, "U2_4", 730, -1340, "B", "DIP", "A12", "", "C", 62.992, 62.992, 39.37, 39.37, 180],
		[93, "U2_5", 730, -1240, "T", "DIP", "A13", "", "C", 62.992, 62.992, 39.37, 39.37, 180],
		[94, "U2_5", 730, -1240, "B", "DIP", "A13", "", "C", 62.992, 62.992, 39.37, 39.37, 180],
		[95, "U2_6", 730, -1140, "T", "DIP", "A14", "", "C", 62.992, 62.992, 39.37, 39.37, 180],
		[96, "U2_6", 730, -1140, "B", "DIP", "A14", "", "C", 62.992, 62.992, 39.37, 39.37, 180],
		[97, "U2_7", 730, -1040, "T", "DIP", "A15", "", "C", 62.992, 62.992, 39.37, 39.37, 180],
		[98, "U2_7", 730, -1040, "B", "DIP", "A15", "", "C", 62.992, 62.992, 39.37, 39.37, 180],
		[99, "U2_8", 730, -940, "T", "DIP", "GND", "GND", "C", 62.992, 62.992, 39.37, 39.37, 180],
		[100, "U2_8", 730, -940, "B", "DIP", "GND", "GND", "C", 62.992, 62.992, 39.37, 39.37, 180],
		[101, "U2_9", 430, -940, "T", "DIP", "U1_U2", "", "C", 62.992, 62.992, 39.37, 39.37, 180],
		[102, "U2_9", 430, -940, "B", "DIP", "U1_U2", "", "C", 62.992, 62.992, 39.37, 39.37, 180],
		[103, "U2_10", 430, -1040, "T", "DIP", "5V", "", "C", 62.992, 62.992, 39.37, 39.37, 180],
		[104, "U2_10", 430, -1040, "B", "DIP", "5V", "", "C", 62.992, 62.992, 39.37, 39.37, 180],
		[105, "U2_11", 430, -1140, "T", "DIP", "D13", "", "C", 62.992, 62.992, 39.37, 39.37, 180],
		[106, "U2_11", 430, -1140, "B", "DIP", "D13", "", "C", 62.992, 62.992, 39.37, 39.37, 180],
		[107, "U2_12", 430, -1240, "T", "DIP", "LATCH12", "", "C", 62.992, 62.992, 39.37, 39.37, 180],
		[108, "U2_12", 430, -1240, "B", "DIP", "LATCH12", "", "C", 62.992, 62.992, 39.37, 39.37, 180],
		[109, "U2_13", 430, -1340, "T", "DIP", "GND", "GND", "C", 62.992, 62.992, 39.37, 39.37, 180],
		[110, "U2_13", 430, -1340, "B", "DIP", "GND", "GND", "C", 62.992, 62.992, 39.37, 39.37, 180],
		[111, "U2_14", 430, -1440, "T", "DIP", "U2_U3", "", "C", 62.992, 62.992, 39.37, 39.37, 180],
		[112, "U2_14", 430, -1440, "B", "DIP", "U2_U3", "", "C", 62.992, 62.992, 39.37, 39.37, 180],
		[113, "U2_15", 430, -1540, "T", "DIP", "A8", "", "C", 62.992, 62.992, 39.37, 39.37, 180],
		[114, "U2_15", 430, -1540, "B", "DIP", "A8", "", "C", 62.992, 62.992, 39.37, 39.37, 180],
		[115, "U2_16", 430, -1640, "T", "DIP", "5V", "", "C", 62.992, 62.992, 39.37, 39.37, 180],
		[116, "U2_16", 430, -1640, "B", "DIP", "5V", "", "C", 62.992, 62.992, 39.37, 39.37, 180],
		[117, "U3_1", 1930, -1640, "T", "DIP", "A1", "", "C", 62.992, 62.992, 39.37, 39.37, 180],
		[118, "U3_1", 1930, -1640, "B", "DIP", "A1", "", "C", 62.992, 62.992, 39.37, 39.37, 180],
		[119, "U3_2", 1930, -1540, "T", "DIP", "A2", "", "C", 62.992, 62.992, 39.37, 39.37, 180],
		[120, "U3_2", 1930, -1540, "B", "DIP", "A2", "", "C", 62.992, 62.992, 39.37, 39.37, 180],
		[121, "U3_3", 1930, -1440, "T", "DIP", "A3", "", "C", 62.992, 62.992, 39.37, 39.37, 180],
		[122, "U3_3", 1930, -1440, "B", "DIP", "A3", "", "C", 62.992, 62.992, 39.37, 39.37, 180],
		[123, "U3_4", 1930, -1340, "T", "DIP", "A4", "", "C", 62.992, 62.992, 39.37, 39.37, 180],
		[124, "U3_4", 1930, -1340, "B", "DIP", "A4", "", "C", 62.992, 62.992, 39.37, 39.37, 180],
		[125, "U3_5", 1930, -1240, "T", "DIP", "A5", "", "C", 62.992, 62.992, 39.37, 39.37, 180],
		[126, "U3_5", 1930, -1240, "B", "DIP", "A5", "", "C", 62.992, 62.992, 39.37, 39.37, 180],
		[127, "U3_6", 1930, -1140, "T", "DIP", "A6", "", "C", 62.992, 62.992, 39.37, 39.37, 180],
		[128, "U3_6", 1930, -1140, "B", "DIP", "A6", "", "C", 62.992, 62.992, 39.37, 39.37, 180],
		[129, "U3_7", 1930, -1040, "T", "DIP", "A7", "", "C", 62.992, 62.992, 39.37, 39.37, 180],
		[130, "U3_7", 1930, -1040, "B", "DIP", "A7", "", "C", 62.992, 62.992, 39.37, 39.37, 180],
		[131, "U3_8", 1930, -940, "T", "DIP", "GND", "GND", "C", 62.992, 62.992, 39.37, 39.37, 180],
		[132, "U3_8", 1930, -940, "B", "DIP", "GND", "GND", "C", 62.992, 62.992, 39.37, 39.37, 180],
		[133, "U3_9", 1630, -940, "T", "DIP", "U2_U3", "", "C", 62.992, 62.992, 39.37, 39.37, 180],
		[134, "U3_9", 1630, -940, "B", "DIP", "U2_U3", "", "C", 62.992, 62.992, 39.37, 39.37, 180],
		[135, "U3_10", 1630, -1040, "T", "DIP", "5V", "", "C", 62.992, 62.992, 39.37, 39.37, 180],
		[136, "U3_10", 1630, -1040, "B", "DIP", "5V", "", "C", 62.992, 62.992, 39.37, 39.37, 180],
		[137, "U3_11", 1630, -1140, "T", "DIP", "D13", "", "C", 62.992, 62.992, 39.37, 39.37, 180],
		[138, "U3_11", 1630, -1140, "B", "DIP", "D13", "", "C", 62.992, 62.992, 39.37, 39.37, 180],
		[139, "U3_12", 1630, -1240, "T", "DIP", "LATCH12", "", "C", 62.992, 62.992, 39.37, 39.37, 180],
		[140, "U3_12", 1630, -1240, "B", "DIP", "LATCH12", "", "C", 62.992, 62.992, 39.37, 39.37, 180],
		[141, "U3_13", 1630, -1340, "T", "DIP", "GND", "GND", "C", 62.992, 62.992, 39.37, 39.37, 180],
		[142, "U3_13", 1630, -1340, "B", "DIP", "GND", "GND", "C", 62.992, 62.992, 39.37, 39.37, 180],
		[143, "U3_14", 1630, -1440, "T", "DIP", "14U3", "", "C", 62.992, 62.992, 39.37, 39.37, 180],
		[144, "U3_14", 1630, -1440, "B", "DIP", "14U3", "", "C", 62.992, 62.992, 39.37, 39.37, 180],
		[145, "U3_15", 1630, -1540, "T", "DIP", "A0", "", "C", 62.992, 62.992, 39.37, 39.37, 180],
		[146, "U3_15", 1630, -1540, "B", "DIP", "A0", "", "C", 62.992, 62.992, 39.37, 39.37, 180],
		[147, "U3_16", 1630, -1640, "T", "DIP", "5V", "", "C", 62.992, 62.992, 39.37, 39.37, 180],
		[148, "U3_16", 1630, -1640, "B", "DIP", "5V", "", "C", 62.992, 62.992, 39.37, 39.37, 180],
		[149, "U6_1", 410, -525, "T", "DIP", "NET_3", "", "C", 70.8661, 70.8661, 47.2441, 47.2441, 0],
		[150, "U6_1", 410, -525, "B", "DIP", "NET_3", "", "C", 70.8661, 70.8661, 47.2441, 47.2441, 0],
		[151, "U6_2", 508.4252, -525, "T", "DIP", "NET_4", "", "C", 60, 60, 36, 36, 0],
		[152, "U6_2", 508.4252, -525, "B", "DIP", "NET_4", "", "C", 60, 60, 36, 36, 0],
		[153, "U6_3", 606.8504, -525, "T", "DIP", "NET_5", "", "C", 60, 60, 36, 36, 0],
		[154, "U6_3", 606.8504, -525, "B", "DIP", "NET_5", "", "C", 60, 60, 36, 36, 0],
		[155, "U6_4", 705.2756, -525, "T", "DIP", "NET_6", "", "C", 60, 60, 36, 36, 0],
		[156, "U6_4", 705.2756, -525, "B", "DIP", "NET_6", "", "C", 60, 60, 36, 36, 0],
		[157, "U6_5", 1000.5512, -525, "T", "DIP", "GND", "GND", "C", 60, 60, 36, 36, 0],
		[158, "U6_5", 1000.5512, -525, "B", "DIP", "GND", "GND", "C", 60, 60, 36, 36, 0],
		[159, "U6_6", 1098.9764, -525, "T", "DIP", "A11", "", "C", 60, 60, 36, 36, 0],
		[160, "U6_6", 1098.9764, -525, "B", "DIP", "A11", "", "C", 60, 60, 36, 36, 0],
		[161, "U6_7", 1197.4016, -525, "T", "DIP", "A10", "", "C", 60, 60, 36, 36, 0],
		[162, "U6_7", 1197.4016, -525, "B", "DIP", "A10", "", "C", 60, 60, 36, 36, 0],
		[163, "U6_8", 1295.8268, -525, "T", "DIP", "A9", "", "C", 60, 60, 36, 36, 0],
		[164, "U6_8", 1295.8268, -525, "B", "DIP", "A9", "", "C", 60, 60, 36, 36, 0],
		[165, "U6_9", 1394.252, -525, "T", "DIP", "A8", "", "C", 60, 60, 36, 36, 0],
		[166, "U6_9", 1394.252, -525, "B", "DIP", "A8", "", "C", 60, 60, 36, 36, 0],
		[167, "U6_10", 1492.6772, -525, "T", "DIP", "A7", "", "C", 60, 60, 36, 36, 0],
		[168, "U6_10", 1492.6772, -525, "B", "DIP", "A7", "", "C", 60, 60, 36, 36, 0],
		[169, "U6_11", 1591.1024, -525, "T", "DIP", "A6", "", "C", 60, 60, 36, 36, 0],
		[170, "U6_11", 1591.1024, -525, "B", "DIP", "A6", "", "C", 60, 60, 36, 36, 0],
		[171, "U6_12", 1689.5276, -525, "T", "DIP", "A5", "", "C", 60, 60, 36, 36, 0],
		[172, "U6_12", 1689.5276, -525, "B", "DIP", "A5", "", "C", 60, 60, 36, 36, 0],
		[173, "U6_13", 1787.9528, -525, "T", "DIP", "A4", "", "C", 60, 60, 36, 36, 0],
		[174, "U6_13", 1787.9528, -525, "B", "DIP", "A4", "", "C", 60, 60, 36, 36, 0],
		[175, "U6_14", 1886.378, -525, "T", "DIP", "A3", "", "C", 60, 60, 36, 36, 0],
		[176, "U6_14", 1886.378, -525, "B", "DIP", "A3", "", "C", 60, 60, 36, 36, 0],
		[177, "U6_15", 1984.8031, -525, "T", "DIP", "A2", "", "C", 60, 60, 36, 36, 0],
		[178, "U6_15", 1984.8031, -525, "B", "DIP", "A2", "", "C", 60, 60, 36, 36, 0],
		[179, "U6_16", 2083.2283, -525, "T", "DIP", "A1", "", "C", 60, 60, 36, 36, 0],
		[180, "U6_16", 2083.2283, -525, "B", "DIP", "A1", "", "C", 60, 60, 36, 36, 0],
		[181, "U6_17", 2181.6535, -525, "T", "DIP", "A0", "", "C", 60, 60, 36, 36, 0],
		[182, "U6_17", 2181.6535, -525, "B", "DIP", "A0", "", "C", 60, 60, 36, 36, 0],
		[183, "U6_18", 2280.0787, -525, "T", "DIP", "NET_7", "", "C", 60, 60, 36, 36, 0],
		[184, "U6_18", 2280.0787, -525, "B", "DIP", "NET_7", "", "C", 60, 60, 36, 36, 0],
		[185, "U6_19", 2378.5039, -525, "T", "DIP", "D0", "", "C", 60, 60, 36, 36, 0],
		[186, "U6_19", 2378.5039, -525, "B", "DIP", "D0", "", "C", 60, 60, 36, 36, 0],
		[187, "U6_20", 2476.9291, -525, "T", "DIP", "D1", "", "C", 60, 60, 36, 36, 0],
		[188, "U6_20", 2476.9291, -525, "B", "DIP", "D1", "", "C", 60, 60, 36, 36, 0],
		[189, "U6_21", 2575.3543, -525, "T", "DIP", "D2", "", "C", 60, 60, 36, 36, 0],
		[190, "U6_21", 2575.3543, -525, "B", "DIP", "D2", "", "C", 60, 60, 36, 36, 0],
		[191, "U6_22", 2673.7795, -525, "T", "DIP", "D3", "", "C", 60, 60, 36, 36, 0],
		[192, "U6_22", 2673.7795, -525, "B", "DIP", "D3", "", "C", 60, 60, 36, 36, 0],
		[193, "U6_23", 2772.2047, -525, "T", "DIP", "AR1", "", "C", 60, 60, 36, 36, 0],
		[194, "U6_23", 2772.2047, -525, "B", "DIP", "AR1", "", "C", 60, 60, 36, 36, 0],
		[195, "U6_24", 2870.6299, -525, "T", "DIP", "NET_8", "", "C", 60, 60, 36, 36, 0],
		[196, "U6_24", 2870.6299, -525, "B", "DIP", "NET_8", "", "C", 60, 60, 36, 36, 0],
		[197, "U6_25", 2969.0551, -525, "T", "DIP", "NET_9", "", "C", 60, 60, 36, 36, 0],
		[198, "U6_25", 2969.0551, -525, "B", "DIP", "NET_9", "", "C", 60, 60, 36, 36, 0],
		[199, "U6_26", 3067.4803, -525, "T", "DIP", "AR4", "", "C", 60, 60, 36, 36, 0],
		[200, "U6_26", 3067.4803, -525, "B", "DIP", "AR4", "", "C", 60, 60, 36, 36, 0],
		[201, "U6_27", 3165.9055, -525, "T", "DIP", "5V", "", "C", 60, 60, 36, 36, 0],
		[202, "U6_27", 3165.9055, -525, "B", "DIP", "5V", "", "C", 60, 60, 36, 36, 0],
		[203, "U6_28", 3461.1811, -525, "T", "DIP", "NET_10", "", "C", 60, 60, 36, 36, 0],
		[204, "U6_28", 3461.1811, -525, "B", "DIP", "NET_10", "", "C", 60, 60, 36, 36, 0],
		[205, "U6_29", 3559.6063, -525, "T", "DIP", "NET_11", "", "C", 60, 60, 36, 36, 0],
		[206, "U6_29", 3559.6063, -525, "B", "DIP", "NET_11", "", "C", 60, 60, 36, 36, 0],
		[207, "U6_30", 3658.0315, -525, "T", "DIP", "NET_12", "", "C", 60, 60, 36, 36, 0],
		[208, "U6_30", 3658.0315, -525, "B", "DIP", "NET_12", "", "C", 60, 60, 36, 36, 0],
		[209, "U6_31", 3756.4567, -525, "T", "DIP", "NET_13", "", "C", 60, 60, 36, 36, 0],
		[210, "U6_31", 3756.4567, -525, "B", "DIP", "NET_13", "", "C", 60, 60, 36, 36, 0],
		[211, "U6_32", 410, -249.4094, "T", "DIP", "NET_14", "", "C", 60, 60, 36, 36, 0],
		[212, "U6_32", 410, -249.4094, "B", "DIP", "NET_14", "", "C", 60, 60, 36, 36, 0],
		[213, "U6_33", 508.4252, -249.4094, "T", "DIP", "NET_15", "", "C", 60, 60, 36, 36, 0],
		[214, "U6_33", 508.4252, -249.4094, "B", "DIP", "NET_15", "", "C", 60, 60, 36, 36, 0],
		[215, "U6_34", 606.8504, -249.4094, "T", "DIP", "NET_16", "", "C", 60, 60, 36, 36, 0],
		[216, "U6_34", 606.8504, -249.4094, "B", "DIP", "NET_16", "", "C", 60, 60, 36, 36, 0],
		[217, "U6_35", 705.2756, -249.4094, "T", "DIP", "NET_17", "", "C", 60, 60, 36, 36, 0],
		[218, "U6_35", 705.2756, -249.4094, "B", "DIP", "NET_17", "", "C", 60, 60, 36, 36, 0],
		[219, "U6_36", 1000.5512, -249.4094, "T", "DIP", "NET_18", "", "C", 60, 60, 36, 36, 0],
		[220, "U6_36", 1000.5512, -249.4094, "B", "DIP", "NET_18", "", "C", 60, 60, 36, 36, 0],
		[221, "U6_37", 1098.9764, -249.4094, "T", "DIP", "A12", "", "C", 60, 60, 36, 36, 0],
		[222, "U6_37", 1098.9764, -249.4094, "B", "DIP", "A12", "", "C", 60, 60, 36, 36, 0],
		[223, "U6_38", 1197.4016, -249.4094, "T", "DIP", "A13", "", "C", 60, 60, 36, 36, 0],
		[224, "U6_38", 1197.4016, -249.4094, "B", "DIP", "A13", "", "C", 60, 60, 36, 36, 0],
		[225, "U6_39", 1295.8268, -249.4094, "T", "DIP", "A14", "", "C", 60, 60, 36, 36, 0],
		[226, "U6_39", 1295.8268, -249.4094, "B", "DIP", "A14", "", "C", 60, 60, 36, 36, 0],
		[227, "U6_40", 1394.252, -249.4094, "T", "DIP", "A15", "", "C", 60, 60, 36, 36, 0],
		[228, "U6_40", 1394.252, -249.4094, "B", "DIP", "A15", "", "C", 60, 60, 36, 36, 0],
		[229, "U6_41", 1492.6772, -249.4094, "T", "DIP", "BA0", "", "C", 60, 60, 36, 36, 0],
		[230, "U6_41", 1492.6772, -249.4094, "B", "DIP", "BA0", "", "C", 60, 60, 36, 36, 0],
		[231, "U6_42", 1591.1024, -249.4094, "T", "DIP", "BA1", "", "C", 60, 60, 36, 36, 0],
		[232, "U6_42", 1591.1024, -249.4094, "B", "DIP", "BA1", "", "C", 60, 60, 36, 36, 0],
		[233, "U6_43", 1689.5276, -249.4094, "T", "DIP", "BA2", "", "C", 60, 60, 36, 36, 0],
		[234, "U6_43", 1689.5276, -249.4094, "B", "DIP", "BA2", "", "C", 60, 60, 36, 36, 0],
		[235, "U6_44", 1787.9528, -249.4094, "T", "DIP", "BA3", "", "C", 60, 60, 36, 36, 0],
		[236, "U6_44", 1787.9528, -249.4094, "B", "DIP", "BA3", "", "C", 60, 60, 36, 36, 0],
		[237, "U6_45", 1886.378, -249.4094, "T", "DIP", "BA4", "", "C", 60, 60, 36, 36, 0],
		[238, "U6_45", 1886.378, -249.4094, "B", "DIP", "BA4", "", "C", 60, 60, 36, 36, 0],
		[239, "U6_46", 1984.8031, -249.4094, "T", "DIP", "BA5", "", "C", 60, 60, 36, 36, 0],
		[240, "U6_46", 1984.8031, -249.4094, "B", "DIP", "BA5", "", "C", 60, 60, 36, 36, 0],
		[241, "U6_47", 2083.2283, -249.4094, "T", "DIP", "BA6", "", "C", 60, 60, 36, 36, 0],
		[242, "U6_47", 2083.2283, -249.4094, "B", "DIP", "BA6", "", "C", 60, 60, 36, 36, 0],
		[243, "U6_48", 2181.6535, -249.4094, "T", "DIP", "BA7", "", "C", 60, 60, 36, 36, 0],
		[244, "U6_48", 2181.6535, -249.4094, "B", "DIP", "BA7", "", "C", 60, 60, 36, 36, 0],
		[245, "U6_49", 2280.0787, -249.4094, "T", "DIP", "AR3", "", "C", 60, 60, 36, 36, 0],
		[246, "U6_49", 2280.0787, -249.4094, "B", "DIP", "AR3", "", "C", 60, 60, 36, 36, 0],
		[247, "U6_50", 2378.5039, -249.4094, "T", "DIP", "D4", "", "C", 60, 60, 36, 36, 0],
		[248, "U6_50", 2378.5039, -249.4094, "B", "DIP", "D4", "", "C", 60, 60, 36, 36, 0],
		[249, "U6_51", 2476.9291, -249.4094, "T", "DIP", "D5", "", "C", 60, 60, 36, 36, 0],
		[250, "U6_51", 2476.9291, -249.4094, "B", "DIP", "D5", "", "C", 60, 60, 36, 36, 0],
		[251, "U6_52", 2575.3543, -249.4094, "T", "DIP", "D6", "", "C", 60, 60, 36, 36, 0],
		[252, "U6_52", 2575.3543, -249.4094, "B", "DIP", "D6", "", "C", 60, 60, 36, 36, 0],
		[253, "U6_53", 2673.7795, -249.4094, "T", "DIP", "D7", "", "C", 60, 60, 36, 36, 0],
		[254, "U6_53", 2673.7795, -249.4094, "B", "DIP", "D7", "", "C", 60, 60, 36, 36, 0],
		[255, "U6_54", 2772.2047, -249.4094, "T", "DIP", "AR2", "", "C", 60, 60, 36, 36, 0],
		[256, "U6_54", 2772.2047, -249.4094, "B", "DIP", "AR2", "", "C", 60, 60, 36, 36, 0],
		[257, "U6_55", 2870.6299, -249.4094, "T", "DIP", "NET_19", "", "C", 60, 60, 36, 36, 0],
		[258, "U6_55", 2870.6299, -249.4094, "B", "DIP", "NET_19", "", "C", 60, 60, 36, 36, 0],
		[259, "U6_56", 2969.0551, -249.4094, "T", "DIP", "NET_20", "", "C", 60, 60, 36, 36, 0],
		[260, "U6_56", 2969.0551, -249.4094, "B", "DIP", "NET_20", "", "C", 60, 60, 36, 36, 0],
		[261, "U6_57", 3067.4803, -249.4094, "T", "DIP", "NET_21", "", "C", 60, 60, 36, 36, 0],
		[262, "U6_57", 3067.4803, -249.4094, "B", "DIP", "NET_21", "", "C", 60, 60, 36, 36, 0],
		[263, "U6_58", 3165.9055, -249.4094, "T", "DIP", "NET_22", "", "C", 60, 60, 36, 36, 0],
		[264, "U6_58", 3165.9055, -249.4094, "B", "DIP", "NET_22", "", "C", 60, 60, 36, 36, 0],
		[265, "U6_59", 3461.1811, -249.4094, "T", "DIP", "NET_23", "", "C", 60, 60, 36, 36, 0],
		[266, "U6_59", 3461.1811, -249.4094, "B", "DIP", "NET_23", "", "C", 60, 60, 36, 36, 0],
		[267, "U6_60", 3559.6063, -249.4094, "T", "DIP", "NET_24", "", "C", 60, 60, 36, 36, 0],
		[268, "U6_60", 3559.6063, -249.4094, "B", "DIP", "NET_24", "", "C", 60, 60, 36, 36, 0],
		[269, "U6_61", 3658.0315, -249.4094, "T", "DIP", "NET_25", "", "C", 60, 60, 36, 36, 0],
		[270, "U6_61", 3658.0315, -249.4094, "B", "DIP", "NET_25", "", "C", 60, 60, 36, 36, 0],
		[271, "U6_62", 3756.4567, -249.4094, "T", "DIP", "NET_26", "", "C", 60, 60, 36, 36, 0],
		[272, "U6_62", 3756.4567, -249.4094, "B", "DIP", "NET_26", "", "C", 60, 60, 36, 36, 0],
		[273, "U7_1", 2285, -1555, "T", "DIP", "NET_27", "", "C", 60, 60, 36, 36, 0],
		[274, "U7_1", 2285, -1555, "B", "DIP", "NET_27", "", "C", 60, 60, 36, 36, 0],
		[275, "U7_2", 2385, -1555, "T", "DIP", "NET_28", "", "C", 60, 60, 36, 36, 0],
		[276, "U7_2", 2385, -1555, "B", "DIP", "NET_28", "", "C", 60, 60, 36, 36, 0],
		[277, "U7_3", 2485, -1555, "T", "DIP", "NET_29", "", "C", 60, 60, 36, 36, 0],
		[278, "U7_3", 2485, -1555, "B", "DIP", "NET_29", "", "C", 60, 60, 36, 36, 0],
		[279, "U7_4", 2585, -1555, "T", "DIP", "NET_30", "", "C", 60, 60, 36, 36, 0],
		[280, "U7_4", 2585, -1555, "B", "DIP", "NET_30", "", "C", 60, 60, 36, 36, 0],
		[281, "U7_5", 2685, -1555, "T", "DIP", "D2", "", "C", 60, 60, 36, 36, 0],
		[282, "U7_5", 2685, -1555, "B", "DIP", "D2", "", "C", 60, 60, 36, 36, 0],
		[283, "U7_6", 2785, -1555, "T", "DIP", "D3", "", "C", 60, 60, 36, 36, 0],
		[284, "U7_6", 2785, -1555, "B", "DIP", "D3", "", "C", 60, 60, 36, 36, 0],
		[285, "U7_7", 2885, -1555, "T", "DIP", "D4", "", "C", 60, 60, 36, 36, 0],
		[286, "U7_7", 2885, -1555, "B", "DIP", "D4", "", "C", 60, 60, 36, 36, 0],
		[287, "U7_8", 2985, -1555, "T", "DIP", "D5", "", "C", 60, 60, 36, 36, 0],
		[288, "U7_8", 2985, -1555, "B", "DIP", "D5", "", "C", 60, 60, 36, 36, 0],
		[289, "U7_9", 3085, -1555, "T", "DIP", "D6", "", "C", 60, 60, 36, 36, 0],
		[290, "U7_9", 3085, -1555, "B", "DIP", "D6", "", "C", 60, 60, 36, 36, 0],
		[291, "U7_10", 3185, -1555, "T", "DIP", "D7", "", "C", 60, 60, 36, 36, 0],
		[292, "U7_10", 3185, -1555, "B", "DIP", "D7", "", "C", 60, 60, 36, 36, 0],
		[293, "U7_11", 3285, -1555, "T", "DIP", "D0", "", "C", 60, 60, 36, 36, 0],
		[294, "U7_11", 3285, -1555, "B", "DIP", "D0", "", "C", 60, 60, 36, 36, 0],
		[295, "U7_12", 3385, -1555, "T", "DIP", "D1", "", "C", 60, 60, 36, 36, 0],
		[296, "U7_12", 3385, -1555, "B", "DIP", "D1", "", "C", 60, 60, 36, 36, 0],
		[297, "U7_13", 3485, -1555, "T", "DIP", "LATCH12", "", "C", 60, 60, 36, 36, 0],
		[298, "U7_13", 3485, -1555, "B", "DIP", "LATCH12", "", "C", 60, 60, 36, 36, 0],
		[299, "U7_14", 3585, -1555, "T", "DIP", "14U3", "", "C", 60, 60, 36, 36, 0],
		[300, "U7_14", 3585, -1555, "B", "DIP", "14U3", "", "C", 60, 60, 36, 36, 0],
		[301, "U7_15", 3685, -1555, "T", "DIP", "NET_31", "", "C", 60, 60, 36, 36, 0],
		[302, "U7_15", 3685, -1555, "B", "DIP", "NET_31", "", "C", 60, 60, 36, 36, 0],
		[303, "U7_16", 3685, -955, "T", "DIP", "D13", "", "C", 60, 60, 36, 36, 0],
		[304, "U7_16", 3685, -955, "B", "DIP", "D13", "", "C", 60, 60, 36, 36, 0],
		[305, "U7_17", 3585, -955, "T", "DIP", "NET_32", "", "C", 60, 60, 36, 36, 0],
		[306, "U7_17", 3585, -955, "B", "DIP", "NET_32", "", "C", 60, 60, 36, 36, 0],
		[307, "U7_18", 3485, -955, "T", "DIP", "NET_33", "", "C", 60, 60, 36, 36, 0],
		[308, "U7_18", 3485, -955, "B", "DIP", "NET_33", "", "C", 60, 60, 36, 36, 0],
		[309, "U7_19", 3385, -955, "T", "DIP", "NET_34", "", "C", 60, 60, 36, 36, 0],
		[310, "U7_19", 3385, -955, "B", "DIP", "NET_34", "", "C", 60, 60, 36, 36, 0],
		[311, "U7_20", 3285, -955, "T", "DIP", "AR1", "", "C", 60, 60, 36, 36, 0],
		[312, "U7_20", 3285, -955, "B", "DIP", "AR1", "", "C", 60, 60, 36, 36, 0],
		[313, "U7_21", 3185, -955, "T", "DIP", "AR2", "", "C", 60, 60, 36, 36, 0],
		[314, "U7_21", 3185, -955, "B", "DIP", "AR2", "", "C", 60, 60, 36, 36, 0],
		[315, "U7_22", 3085, -955, "T", "DIP", "AR3", "", "C", 60, 60, 36, 36, 0],
		[316, "U7_22", 3085, -955, "B", "DIP", "AR3", "", "C", 60, 60, 36, 36, 0],
		[317, "U7_23", 2985, -955, "T", "DIP", "AR4", "", "C", 60, 60, 36, 36, 0],
		[318, "U7_23", 2985, -955, "B", "DIP", "AR4", "", "C", 60, 60, 36, 36, 0],
		[319, "U7_24", 2885, -955, "T", "DIP", "AR5", "", "C", 60, 60, 36, 36, 0],
		[320, "U7_24", 2885, -955, "B", "DIP", "AR5", "", "C", 60, 60, 36, 36, 0],
		[321, "U7_25", 2785, -955, "T", "DIP", "AR6", "", "C", 60, 60, 36, 36, 0],
		[322, "U7_25", 2785, -955, "B", "DIP", "AR6", "", "C", 60, 60, 36, 36, 0],
		[323, "U7_26", 2685, -955, "T", "DIP", "AR7", "", "C", 60, 60, 36, 36, 0],
		[324, "U7_26", 2685, -955, "B", "DIP", "AR7", "", "C", 60, 60, 36, 36, 0],
		[325, "U7_27", 2585, -955, "T", "DIP", "VCC", "", "C", 60, 60, 36, 36, 0],
		[326, "U7_27", 2585, -955, "B", "DIP", "VCC", "", "C", 60, 60, 36, 36, 0],
		[327, "U7_28", 2485, -955, "T", "DIP", "NET_35", "", "C", 60, 60, 36, 36, 0],
		[328, "U7_28", 2485, -955, "B", "DIP", "NET_35", "", "C", 60, 60, 36, 36, 0],
		[329, "U7_29", 2385, -955, "T", "DIP", "GND", "GND", "C", 60, 60, 36, 36, 0],
		[330, "U7_29", 2385, -955, "B", "DIP", "GND", "GND", "C", 60, 60, 36, 36, 0],
		[331, "U7_30", 2285, -955, "T", "DIP", "NET_36", "", "C", 60, 60, 36, 36, 0],
		[332, "U7_30", 2285, -955, "B", "DIP", "NET_36", "", "C", 60, 60, 36, 36, 0],
		[333, "U9_1", 605.5118, -2123.4252, "T", "DIP", "NET_37", "", "C", 70.8661, 70.8661, 55.1181, 55.1181, 270],
		[334, "U9_1", 605.5118, -2123.4252, "B", "DIP", "NET_37", "", "C", 70.8661, 70.8661, 55.1181, 55.1181, 270],
		[335, "U9_2", 605.5118, -2221.8504, "T", "DIP", "NET_38", "", "C", 70.8661, 70.8661, 55.1181, 55.1181, 270],
		[336, "U9_2", 605.5118, -2221.8504, "B", "DIP", "NET_38", "", "C", 70.8661, 70.8661, 55.1181, 55.1181, 270],
		[337, "U9_3", 605.5118, -2320.2756, "T", "DIP", "NET_39", "", "C", 70.8661, 70.8661, 55.1181, 55.1181, 270],
		[338, "U9_3", 605.5118, -2320.2756, "B", "DIP", "NET_39", "", "C", 70.8661, 70.8661, 55.1181, 55.1181, 270],
		[339, "U9_4", 605.5118, -2517.126, "T", "DIP", "NET_40", "", "C", 70.8661, 70.8661, 55.1181, 55.1181, 270],
		[340, "U9_4", 605.5118, -2517.126, "B", "DIP", "NET_40", "", "C", 70.8661, 70.8661, 55.1181, 55.1181, 270],
		[341, "U9_5", 700, -2517.126, "T", "DIP", "AR7", "", "C", 70.8661, 70.8661, 55.1181, 55.1181, 270],
		[342, "U9_5", 700, -2517.126, "B", "DIP", "AR7", "", "C", 70.8661, 70.8661, 55.1181, 55.1181, 270],
		[343, "U9_6", 700, -2320.2756, "T", "DIP", "VCC", "", "C", 70.8661, 70.8661, 55.1181, 55.1181, 270],
		[344, "U9_6", 700, -2320.2756, "B", "DIP", "VCC", "", "C", 70.8661, 70.8661, 55.1181, 55.1181, 270],
		[345, "U9_7", 700, -2221.8504, "T", "DIP", "AR6", "", "C", 70.8661, 70.8661, 55.1181, 55.1181, 270],
		[346, "U9_7", 700, -2221.8504, "B", "DIP", "AR6", "", "C", 70.8661, 70.8661, 55.1181, 55.1181, 270],
		[347, "U9_8", 700, -2123.4252, "T", "DIP", "5V", "", "C", 70.8661, 70.8661, 55.1181, 55.1181, 270],
		[348, "U9_8", 700, -2123.4252, "B", "DIP", "5V", "", "C", 70.8661, 70.8661, 55.1181, 55.1181, 270],
		[349, "PAD1_1", 1330, -1640, "T", "DIP", "BA1", "", "C", 62.992, 62.992, 39.37, 39.37, 180],
		[350, "PAD1_1", 1330, -1640, "B", "DIP", "BA1", "", "C", 62.992, 62.992, 39.37, 39.37, 180],
		[351, "PAD2_2", 1330, -1540, "T", "DIP", "BA2", "", "C", 62.992, 62.992, 39.37, 39.37, 180],
		[352, "PAD2_2", 1330, -1540, "B", "DIP", "BA2", "", "C", 62.992, 62.992, 39.37, 39.37, 180],
		[353, "PAD3_3", 1330, -1440, "T", "DIP", "BA3", "", "C", 62.992, 62.992, 39.37, 39.37, 180],
		[354, "PAD3_3", 1330, -1440, "B", "DIP", "BA3", "", "C", 62.992, 62.992, 39.37, 39.37, 180],
		[355, "PAD4_4", 1330, -1340, "T", "DIP", "BA4", "", "C", 62.992, 62.992, 39.37, 39.37, 180],
		[356, "PAD4_4", 1330, -1340, "B", "DIP", "BA4", "", "C", 62.992, 62.992, 39.37, 39.37, 180],
		[357, "PAD5_5", 1330, -1240, "T", "DIP", "BA5", "", "C", 62.992, 62.992, 39.37, 39.37, 180],
		[358, "PAD5_5", 1330, -1240, "B", "DIP", "BA5", "", "C", 62.992, 62.992, 39.37, 39.37, 180],
		[359, "PAD6_6", 1330, -1140, "T", "DIP", "BA6", "", "C", 62.992, 62.992, 39.37, 39.37, 180],
		[360, "PAD6_6", 1330, -1140, "B", "DIP", "BA6", "", "C", 62.992, 62.992, 39.37, 39.37, 180],
		[361, "PAD7_7", 1330, -1040, "T", "DIP", "BA7", "", "C", 62.992, 62.992, 39.37, 39.37, 180],
		[362, "PAD7_7", 1330, -1040, "B", "DIP", "BA7", "", "C", 62.992, 62.992, 39.37, 39.37, 180],
		[363, "PAD8_8", 1330, -940, "T", "DIP", "GND", "GND", "C", 62.992, 62.992, 39.37, 39.37, 180],
		[364, "PAD8_8", 1330, -940, "B", "DIP", "GND", "GND", "C", 62.992, 62.992, 39.37, 39.37, 180],
		[365, "PAD9_10", 1030, -1040, "T", "DIP", "5V", "", "C", 62.992, 62.992, 39.37, 39.37, 180],
		[366, "PAD9_10", 1030, -1040, "B", "DIP", "5V", "", "C", 62.992, 62.992, 39.37, 39.37, 180],
		[367, "PAD10_11", 1030, -1140, "T", "DIP", "D13", "", "C", 62.992, 62.992, 37.7952, 37.7952, 180],
		[368, "PAD10_11", 1030, -1140, "B", "DIP", "D13", "", "C", 62.992, 62.992, 37.7952, 37.7952, 180],
		[369, "PAD11_12", 1030, -1240, "T", "DIP", "LATCH12", "", "C", 62.992, 62.992, 39.37, 39.37, 180],
		[370, "PAD11_12", 1030, -1240, "B", "DIP", "LATCH12", "", "C", 62.992, 62.992, 39.37, 39.37, 180],
		[371, "PAD12_13", 1030, -1340, "T", "DIP", "GND", "GND", "C", 62.992, 62.992, 39.37, 39.37, 180],
		[372, "PAD12_13", 1030, -1340, "B", "DIP", "GND", "GND", "C", 62.992, 62.992, 39.37, 39.37, 180],
		[373, "PAD13_14", 1030, -1440, "T", "DIP", "U1_U2", "", "C", 62.992, 62.992, 39.37, 39.37, 180],
		[374, "PAD13_14", 1030, -1440, "B", "DIP", "U1_U2", "", "C", 62.992, 62.992, 39.37, 39.37, 180],
		[375, "PAD14_15", 1030, -1540, "T", "DIP", "BA0", "", "C", 62.992, 62.992, 39.37, 39.37, 180],
		[376, "PAD14_15", 1030, -1540, "B", "DIP", "BA0", "", "C", 62.992, 62.992, 39.37, 39.37, 180],
		[377, "PAD15_16", 1030, -1640, "T", "DIP", "5V", "", "C", 62.992, 62.992, 39.37, 39.37, 180],
		[378, "PAD15_16", 1030, -1640, "B", "DIP", "5V", "", "C", 62.992, 62.992, 39.37, 39.37, 180],
		[379, "PAD16_1", 730, -1640, "T", "DIP", "A9", "", "C", 62.992, 62.992, 39.37, 39.37, 180],
		[380, "PAD16_1", 730, -1640, "B", "DIP", "A9", "", "C", 62.992, 62.992, 39.37, 39.37, 180],
		[381, "PAD17_2", 730, -1540, "T", "DIP", "A10", "", "C", 62.992, 62.992, 39.37, 39.37, 180],
		[382, "PAD17_2", 730, -1540, "B", "DIP", "A10", "", "C", 62.992, 62.992, 39.37, 39.37, 180],
		[383, "PAD18_3", 730, -1440, "T", "DIP", "A11", "", "C", 62.992, 62.992, 39.37, 39.37, 180],
		[384, "PAD18_3", 730, -1440, "B", "DIP", "A11", "", "C", 62.992, 62.992, 39.37, 39.37, 180],
		[385, "PAD19_4", 730, -1340, "T", "DIP", "A12", "", "C", 62.992, 62.992, 39.37, 39.37, 180],
		[386, "PAD19_4", 730, -1340, "B", "DIP", "A12", "", "C", 62.992, 62.992, 39.37, 39.37, 180],
		[387, "PAD20_5", 730, -1240, "T", "DIP", "A13", "", "C", 62.992, 62.992, 39.37, 39.37, 180],
		[388, "PAD20_5", 730, -1240, "B", "DIP", "A13", "", "C", 62.992, 62.992, 39.37, 39.37, 180],
		[389, "PAD21_6", 730, -1140, "T", "DIP", "A14", "", "C", 62.992, 62.992, 39.37, 39.37, 180],
		[390, "PAD21_6", 730, -1140, "B", "DIP", "A14", "", "C", 62.992, 62.992, 39.37, 39.37, 180],
		[391, "PAD22_7", 730, -1040, "T", "DIP", "A15", "", "C", 62.992, 62.992, 39.37, 39.37, 180],
		[392, "PAD22_7", 730, -1040, "B", "DIP", "A15", "", "C", 62.992, 62.992, 39.37, 39.37, 180],
		[393, "PAD23_8", 730, -940, "T", "DIP", "GND", "GND", "C", 62.992, 62.992, 39.37, 39.37, 180],
		[394, "PAD23_8", 730, -940, "B", "DIP", "GND", "GND", "C", 62.992, 62.992, 39.37, 39.37, 180],
		[395, "PAD24_9", 430, -940, "T", "DIP", "U1_U2", "", "C", 62.992, 62.992, 39.37, 39.37, 180],
		[396, "PAD24_9", 430, -940, "B", "DIP", "U1_U2", "", "C", 62.992, 62.992, 39.37, 39.37, 180],
		[397, "PAD25_10", 430, -1040, "T", "DIP", "5V", "", "C", 62.992, 62.992, 39.37, 39.37, 180],
		[398, "PAD25_10", 430, -1040, "B", "DIP", "5V", "", "C", 62.992, 62.992, 39.37, 39.37, 180],
		[399, "PAD26_11", 430, -1140, "T", "DIP", "D13", "", "C", 62.992, 62.992, 39.37, 39.37, 180],
		[400, "PAD26_11", 430, -1140, "B", "DIP", "D13", "", "C", 62.992, 62.992, 39.37, 39.37, 180],
		[401, "PAD27_12", 430, -1240, "T", "DIP", "LATCH12", "", "C", 62.992, 62.992, 39.37, 39.37, 180],
		[402, "PAD27_12", 430, -1240, "B", "DIP", "LATCH12", "", "C", 62.992, 62.992, 39.37, 39.37, 180],
		[403, "PAD28_13", 430, -1340, "T", "DIP", "GND", "GND", "C", 62.992, 62.992, 39.37, 39.37, 180],
		[404, "PAD28_13", 430, -1340, "B", "DIP", "GND", "GND", "C", 62.992, 62.992, 39.37, 39.37, 180],
		[405, "PAD29_14", 430, -1440, "T", "DIP", "U2_U3", "", "C", 62.992, 62.992, 39.37, 39.37, 180],
		[406, "PAD29_14", 430, -1440, "B", "DIP", "U2_U3", "", "C", 62.992, 62.992, 39.37, 39.37, 180],
		[407, "PAD30_15", 430, -1540, "T", "DIP", "A8", "", "C", 62.992, 62.992, 39.37, 39.37, 180],
		[408, "PAD30_15", 430, -1540, "B", "DIP", "A8", "", "C", 62.992, 62.992, 39.37, 39.37, 180],
		[409, "PAD31_16", 430, -1640, "T", "DIP", "5V", "", "C", 62.992, 62.992, 39.37, 39.37, 180],
		[410, "PAD31_16", 430, -1640, "B", "DIP", "5V", "", "C", 62.992, 62.992, 39.37, 39.37, 180],
		[411, "PAD32_1", 1930, -1640, "T", "DIP", "A1", "", "C", 62.992, 62.992, 39.37, 39.37, 180],
		[412, "PAD32_1", 1930, -1640, "B", "DIP", "A1", "", "C", 62.992, 62.992, 39.37, 39.37, 180],
		[413, "PAD33_2", 1930, -1540, "T", "DIP", "A2", "", "C", 62.992, 62.992, 39.37, 39.37, 180],
		[414, "PAD33_2", 1930, -1540, "B", "DIP", "A2", "", "C", 62.992, 62.992, 39.37, 39.37, 180],
		[415, "PAD34_3", 1930, -1440, "T", "DIP", "A3", "", "C", 62.992, 62.992, 39.37, 39.37, 180],
		[416, "PAD34_3", 1930, -1440, "B", "DIP", "A3", "", "C", 62.992, 62.992, 39.37, 39.37, 180],
		[417, "PAD35_4", 1930, -1340, "T", "DIP", "A4", "", "C", 62.992, 62.992, 39.37, 39.37, 180],
		[418, "PAD35_4", 1930, -1340, "B", "DIP", "A4", "", "C", 62.992, 62.992, 39.37, 39.37, 180],
		[419, "PAD36_5", 1930, -1240, "T", "DIP", "A5", "", "C", 62.992, 62.992, 39.37, 39.37, 180],
		[420, "PAD36_5", 1930, -1240, "B", "DIP", "A5", "", "C", 62.992, 62.992, 39.37, 39.37, 180],
		[421, "PAD37_6", 1930, -1140, "T", "DIP", "A6", "", "C", 62.992, 62.992, 39.37, 39.37, 180],
		[422, "PAD37_6", 1930, -1140, "B", "DIP", "A6", "", "C", 62.992, 62.992, 39.37, 39.37, 180],
		[423, "PAD38_7", 1930, -1040, "T", "DIP", "A7", "", "C", 62.992, 62.992, 39.37, 39.37, 180],
		[424, "PAD38_7", 1930, -1040, "B", "DIP", "A7", "", "C", 62.992, 62.992, 39.37, 39.37, 180],
		[425, "PAD39_8", 1930, -940, "T", "DIP", "GND", "GND", "C", 62.992, 62.992, 39.37, 39.37, 180],
		[426, "PAD39_8", 1930, -940, "B", "DIP", "GND", "GND", "C", 62.992, 62.992, 39.37, 39.37, 180],
		[427, "PAD40_9", 1630, -940, "T", "DIP", "U2_U3", "", "C", 62.992, 62.992, 39.37, 39.37, 180],
		[428, "PAD40_9", 1630, -940, "B", "DIP", "U2_U3", "", "C", 62.992, 62.992, 39.37, 39.37, 180],
		[429, "PAD41_10", 1630, -1040, "T", "DIP", "5V", "", "C", 62.992, 62.992, 39.37, 39.37, 180],
		[430, "PAD41_10", 1630, -1040, "B", "DIP", "5V", "", "C", 62.992, 62.992, 39.37, 39.37, 180],
		[431, "PAD42_11", 1630, -1140, "T", "DIP", "D13", "", "C", 62.992, 62.992, 39.37, 39.37, 180],
		[432, "PAD42_11", 1630, -1140, "B", "DIP", "D13", "", "C", 62.992, 62.992, 39.37, 39.37, 180],
		[433, "PAD43_12", 1630, -1240, "T", "DIP", "LATCH12", "", "C", 62.992, 62.992, 39.37, 39.37, 180],
		[434, "PAD43_12", 1630, -1240, "B", "DIP", "LATCH12", "", "C", 62.992, 62.992, 39.37, 39.37, 180],
		[435, "PAD44_13", 1630, -1340, "T", "DIP", "GND", "GND", "C", 62.992, 62.992, 39.37, 39.37, 180],
		[436, "PAD44_13", 1630, -1340, "B", "DIP", "GND", "GND", "C", 62.992, 62.992, 39.37, 39.37, 180],
		[437, "PAD45_14", 1630, -1440, "T", "DIP", "14U3", "", "C", 62.992, 62.992, 39.37, 39.37, 180],
		[438, "PAD45_14", 1630, -1440, "B", "DIP", "14U3", "", "C", 62.992, 62.992, 39.37, 39.37, 180],
		[439, "PAD46_15", 1630, -1540, "T", "DIP", "A0", "", "C", 62.992, 62.992, 39.37, 39.37, 180],
		[440, "PAD46_15", 1630, -1540, "B", "DIP", "A0", "", "C", 62.992, 62.992, 39.37, 39.37, 180],
		[441, "PAD47_16", 1630, -1640, "T", "DIP", "5V", "", "C", 62.992, 62.992, 39.37, 39.37, 180],
		[442, "PAD47_16", 1630, -1640, "B", "DIP", "5V", "", "C", 62.992, 62.992, 39.37, 39.37, 180],
		[443, "PAD48_5", 2685, -1555, "T", "DIP", "D2", "", "C", 60, 60, 36, 36, 0],
		[444, "PAD48_5", 2685, -1555, "B", "DIP", "D2", "", "C", 60, 60, 36, 36, 0],
		[445, "PAD49_6", 2785, -1555, "T", "DIP", "D3", "", "C", 60, 60, 36, 36, 0],
		[446, "PAD49_6", 2785, -1555, "B", "DIP", "D3", "", "C", 60, 60, 36, 36, 0],
		[447, "PAD50_7", 2885, -1555, "T", "DIP", "D4", "", "C", 60, 60, 36, 36, 0],
		[448, "PAD50_7", 2885, -1555, "B", "DIP", "D4", "", "C", 60, 60, 36, 36, 0],
		[449, "PAD51_8", 2985, -1555, "T", "DIP", "D5", "", "C", 60, 60, 36, 36, 0],
		[450, "PAD51_8", 2985, -1555, "B", "DIP", "D5", "", "C", 60, 60, 36, 36, 0],
		[451, "PAD52_9", 3085, -1555, "T", "DIP", "D6", "", "C", 60, 60, 36, 36, 0],
		[452, "PAD52_9", 3085, -1555, "B", "DIP", "D6", "", "C", 60, 60, 36, 36, 0],
		[453, "PAD53_10", 3185, -1555, "T", "DIP", "D7", "", "C", 60, 60, 36, 36, 0],
		[454, "PAD53_10", 3185, -1555, "B", "DIP", "D7", "", "C", 60, 60, 36, 36, 0],
		[455, "PAD54_11", 3285, -1555, "T", "DIP", "D0", "", "C", 60, 60, 36, 36, 0],
		[456, "PAD54_11", 3285, -1555, "B", "DIP", "D0", "", "C", 60, 60, 36, 36, 0],
		[457, "PAD55_12", 3385, -1555, "T", "DIP", "D1", "", "C", 60, 60, 36, 36, 0],
		[458, "PAD55_12", 3385, -1555, "B", "DIP", "D1", "", "C", 60, 60, 36, 36, 0],
		[459, "PAD56_13", 3485, -1555, "T", "DIP", "LATCH12", "", "C", 60, 60, 36, 36, 0],
		[460, "PAD56_13", 3485, -1555, "B", "DIP", "LATCH12", "", "C", 60, 60, 36, 36, 0],
		[461, "PAD57_14", 3585, -1555, "T", "DIP", "14U3", "", "C", 60, 60, 36, 36, 0],
		[462, "PAD57_14", 3585, -1555, "B", "DIP", "14U3", "", "C", 60, 60, 36, 36, 0],
		[463, "PAD58_16", 3685, -955, "T", "DIP", "D13", "", "C", 60, 60, 36, 36, 0],
		[464, "PAD58_16", 3685, -955, "B", "DIP", "D13", "", "C", 60, 60, 36, 36, 0],
		[465, "PAD59_20", 3285, -955, "T", "DIP", "AR1", "", "C", 60, 60, 36, 36, 0],
		[466, "PAD59_20", 3285, -955, "B", "DIP", "AR1", "", "C", 60, 60, 36, 36, 0],
		[467, "PAD60_21", 3185, -955, "T", "DIP", "AR2", "", "C", 60, 60, 36, 36, 0],
		[468, "PAD60_21", 3185, -955, "B", "DIP", "AR2", "", "C", 60, 60, 36, 36, 0],
		[469, "PAD61_22", 3085, -955, "T", "DIP", "AR3", "", "C", 60, 60, 36, 36, 0],
		[470, "PAD61_22", 3085, -955, "B", "DIP", "AR3", "", "C", 60, 60, 36, 36, 0],
		[471, "PAD62_23", 2985, -955, "T", "DIP", "AR4", "", "C", 60, 60, 36, 36, 0],
		[472, "PAD62_23", 2985, -955, "B", "DIP", "AR4", "", "C", 60, 60, 36, 36, 0],
		[473, "PAD63_24", 2885, -955, "T", "DIP", "AR5", "", "C", 60, 60, 36, 36, 0],
		[474, "PAD63_24", 2885, -955, "B", "DIP", "AR5", "", "C", 60, 60, 36, 36, 0],
		[475, "PAD64_25", 2785, -955, "T", "DIP", "AR6", "", "C", 60, 60, 36, 36, 0],
		[476, "PAD64_25", 2785, -955, "B", "DIP", "AR6", "", "C", 60, 60, 36, 36, 0],
		[477, "PAD65_26", 2685, -955, "T", "DIP", "AR7", "", "C", 60, 60, 36, 36, 0],
		[478, "PAD65_26", 2685, -955, "B", "DIP", "AR7", "", "C", 60, 60, 36, 36, 0],
		[479, "PAD66_27", 2585, -955, "T", "DIP", "VCC", "", "C", 60, 60, 36, 36, 0],
		[480, "PAD66_27", 2585, -955, "B", "DIP", "VCC", "", "C", 60, 60, 36, 36, 0],
		[481, "PAD67_29", 2385, -955, "T", "DIP", "GND", "GND", "C", 60, 60, 36, 36, 0],
		[482, "PAD67_29", 2385, -955, "B", "DIP", "GND", "GND", "C", 60, 60, 36, 36, 0],
		[483, "PAD68_5", 1000.5512, -525, "T", "DIP", "GND", "GND", "C", 60, 60, 36, 36, 0],
		[484, "PAD68_5", 1000.5512, -525, "B", "DIP", "GND", "GND", "C", 60, 60, 36, 36, 0],
		[485, "PAD69_6", 1098.9764, -525, "T", "DIP", "A11", "", "C", 60, 60, 36, 36, 0],
		[486, "PAD69_6", 1098.9764, -525, "B", "DIP", "A11", "", "C", 60, 60, 36, 36, 0],
		[487, "PAD70_7", 1197.4016, -525, "T", "DIP", "A10", "", "C", 60, 60, 36, 36, 0],
		[488, "PAD70_7", 1197.4016, -525, "B", "DIP", "A10", "", "C", 60, 60, 36, 36, 0],
		[489, "PAD71_8", 1295.8268, -525, "T", "DIP", "A9", "", "C", 60, 60, 36, 36, 0],
		[490, "PAD71_8", 1295.8268, -525, "B", "DIP", "A9", "", "C", 60, 60, 36, 36, 0],
		[491, "PAD72_9", 1394.252, -525, "T", "DIP", "A8", "", "C", 60, 60, 36, 36, 0],
		[492, "PAD72_9", 1394.252, -525, "B", "DIP", "A8", "", "C", 60, 60, 36, 36, 0],
		[493, "PAD73_10", 1492.6772, -525, "T", "DIP", "A7", "", "C", 60, 60, 36, 36, 0],
		[494, "PAD73_10", 1492.6772, -525, "B", "DIP", "A7", "", "C", 60, 60, 36, 36, 0],
		[495, "PAD74_11", 1591.1024, -525, "T", "DIP", "A6", "", "C", 60, 60, 36, 36, 0],
		[496, "PAD74_11", 1591.1024, -525, "B", "DIP", "A6", "", "C", 60, 60, 36, 36, 0],
		[497, "PAD75_12", 1689.5276, -525, "T", "DIP", "A5", "", "C", 60, 60, 36, 36, 0],
		[498, "PAD75_12", 1689.5276, -525, "B", "DIP", "A5", "", "C", 60, 60, 36, 36, 0],
		[499, "PAD76_13", 1787.9528, -525, "T", "DIP", "A4", "", "C", 60, 60, 36, 36, 0],
		[500, "PAD76_13", 1787.9528, -525, "B", "DIP", "A4", "", "C", 60, 60, 36, 36, 0],
		[501, "PAD77_14", 1886.378, -525, "T", "DIP", "A3", "", "C", 60, 60, 36, 36, 0],
		[502, "PAD77_14", 1886.378, -525, "B", "DIP", "A3", "", "C", 60, 60, 36, 36, 0],
		[503, "PAD78_15", 1984.8031, -525, "T", "DIP", "A2", "", "C", 60, 60, 36, 36, 0],
		[504, "PAD78_15", 1984.8031, -525, "B", "DIP", "A2", "", "C", 60, 60, 36, 36, 0],
		[505, "PAD79_16", 2083.2283, -525, "T", "DIP", "A1", "", "C", 60, 60, 36, 36, 0],
		[506, "PAD79_16", 2083.2283, -525, "B", "DIP", "A1", "", "C", 60, 60, 36, 36, 0],
		[507, "PAD80_17", 2181.6535, -525, "T", "DIP", "A0", "", "C", 60, 60, 36, 36, 0],
		[508, "PAD80_17", 2181.6535, -525, "B", "DIP", "A0", "", "C", 60, 60, 36, 36, 0],
		[509, "PAD81_19", 2378.5039, -525, "T", "DIP", "D0", "", "C", 60, 60, 36, 36, 0],
		[510, "PAD81_19", 2378.5039, -525, "B", "DIP", "D0", "", "C", 60, 60, 36, 36, 0],
		[511, "PAD82_20", 2476.9291, -525, "T", "DIP", "D1", "", "C", 60, 60, 36, 36, 0],
		[512, "PAD82_20", 2476.9291, -525, "B", "DIP", "D1", "", "C", 60, 60, 36, 36, 0],
		[513, "PAD83_21", 2575.3543, -525, "T", "DIP", "D2", "", "C", 60, 60, 36, 36, 0],
		[514, "PAD83_21", 2575.3543, -525, "B", "DIP", "D2", "", "C", 60, 60, 36, 36, 0],
		[515, "PAD84_22", 2673.7795, -525, "T", "DIP", "D3", "", "C", 60, 60, 36, 36, 0],
		[516, "PAD84_22", 2673.7795, -525, "B", "DIP", "D3", "", "C", 60, 60, 36, 36, 0],
		[517, "PAD85_23", 2772.2047, -525, "T", "DIP", "AR1", "", "C", 60, 60, 36, 36, 0],
		[518, "PAD85_23", 2772.2047, -525, "B", "DIP", "AR1", "", "C", 60, 60, 36, 36, 0],
		[519, "PAD86_26", 3067.4803, -525, "T", "DIP", "AR4", "", "C", 60, 60, 36, 36, 0],
		[520, "PAD86_26", 3067.4803, -525, "B", "DIP", "AR4", "", "C", 60, 60, 36, 36, 0],
		[521, "PAD87_27", 3165.9055, -525, "T", "DIP", "5V", "", "C", 60, 60, 36, 36, 0],
		[522, "PAD87_27", 3165.9055, -525, "B", "DIP", "5V", "", "C", 60, 60, 36, 36, 0],
		[523, "PAD88_37", 1098.9764, -249.4094, "T", "DIP", "A12", "", "C", 60, 60, 36, 36, 0],
		[524, "PAD88_37", 1098.9764, -249.4094, "B", "DIP", "A12", "", "C", 60, 60, 36, 36, 0],
		[525, "PAD89_38", 1197.4016, -249.4094, "T", "DIP", "A13", "", "C", 60, 60, 36, 36, 0],
		[526, "PAD89_38", 1197.4016, -249.4094, "B", "DIP", "A13", "", "C", 60, 60, 36, 36, 0],
		[527, "PAD90_39", 1295.8268, -249.4094, "T", "DIP", "A14", "", "C", 60, 60, 36, 36, 0],
		[528, "PAD90_39", 1295.8268, -249.4094, "B", "DIP", "A14", "", "C", 60, 60, 36, 36, 0],
		[529, "PAD91_40", 1394.252, -249.4094, "T", "DIP", "A15", "", "C", 60, 60, 36, 36, 0],
		[530, "PAD91_40", 1394.252, -249.4094, "B", "DIP", "A15", "", "C", 60, 60, 36, 36, 0],
		[531, "PAD92_41", 1492.6772, -249.4094, "T", "DIP", "BA0", "", "C", 60, 60, 36, 36, 0],
		[532, "PAD92_41", 1492.6772, -249.4094, "B", "DIP", "BA0", "", "C", 60, 60, 36, 36, 0],
		[533, "PAD93_42", 1591.1024, -249.4094, "T", "DIP", "BA1", "", "C", 60, 60, 36, 36, 0],
		[534, "PAD93_42", 1591.1024, -249.4094, "B", "DIP", "BA1", "", "C", 60, 60, 36, 36, 0],
		[535, "PAD94_43", 1689.5276, -249.4094, "T", "DIP", "BA2", "", "C", 60, 60, 36, 36, 0],
		[536, "PAD94_43", 1689.5276, -249.4094, "B", "DIP", "BA2", "", "C", 60, 60, 36, 36, 0],
		[537, "PAD95_44", 1787.9528, -249.4094, "T", "DIP", "BA3", "", "C", 60, 60, 36, 36, 0],
		[538, "PAD95_44", 1787.9528, -249.4094, "B", "DIP", "BA3", "", "C", 60, 60, 36, 36, 0],
		[539, "PAD96_45", 1886.378, -249.4094, "T", "DIP", "BA4", "", "C", 60, 60, 36, 36, 0],
		[540, "PAD96_45", 1886.378, -249.4094, "B", "DIP", "BA4", "", "C", 60, 60, 36, 36, 0],
		[541, "PAD97_46", 1984.8031, -249.4094, "T", "DIP", "BA5", "", "C", 60, 60, 36, 36, 0],
		[542, "PAD97_46", 1984.8031, -249.4094, "B", "DIP", "BA5", "", "C", 60, 60, 36, 36, 0],
		[543, "PAD98_47", 2083.2283, -249.4094, "T", "DIP", "BA6", "", "C", 60, 60, 36, 36, 0],
		[544, "PAD98_47", 2083.2283, -249.4094, "B", "DIP", "BA6", "", "C", 60, 60, 36, 36, 0],
		[545, "PAD99_48", 2181.6535, -249.4094, "T", "DIP", "BA7", "", "C", 60, 60, 36, 36, 0],
		[546, "PAD99_48", 2181.6535, -249.4094, "B", "DIP", "BA7", "", "C", 60, 60, 36, 36, 0],
		[547, "PAD100_49", 2280.0787, -249.4094, "T", "DIP", "AR3", "", "C", 60, 60, 36, 36, 0],
		[548, "PAD100_49", 2280.0787, -249.4094, "B", "DIP", "AR3", "", "C", 60, 60, 36, 36, 0],
		[549, "PAD101_50", 2378.5039, -249.4094, "T", "DIP", "D4", "", "C", 60, 60, 36, 36, 0],
		[550, "PAD101_50", 2378.5039, -249.4094, "B", "DIP", "D4", "", "C", 60, 60, 36, 36, 0],
		[551, "PAD102_51", 2476.9291, -249.4094, "T", "DIP", "D5", "", "C", 60, 60, 36, 36, 0],
		[552, "PAD102_51", 2476.9291, -249.4094, "B", "DIP", "D5", "", "C", 60, 60, 36, 36, 0],
		[553, "PAD103_52", 2575.3543, -249.4094, "T", "DIP", "D6", "", "C", 60, 60, 36, 36, 0],
		[554, "PAD103_52", 2575.3543, -249.4094, "B", "DIP", "D6", "", "C", 60, 60, 36, 36, 0],
		[555, "PAD104_53", 2673.7795, -249.4094, "T", "DIP", "D7", "", "C", 60, 60, 36, 36, 0],
		[556, "PAD104_53", 2673.7795, -249.4094, "B", "DIP", "D7", "", "C", 60, 60, 36, 36, 0],
		[557, "PAD105_54", 2772.2047, -249.4094, "T", "DIP", "AR2", "", "C", 60, 60, 36, 36, 0],
		[558, "PAD105_54", 2772.2047, -249.4094, "B", "DIP", "AR2", "", "C", 60, 60, 36, 36, 0],
		[559, "PAD106_1", 2534.3655, -2206.8895, "T", "DIP", "D0", "", "C", 60, 60, 39.37, 39.37, 270],
		[560, "PAD106_1", 2534.3655, -2206.8895, "B", "DIP", "D0", "", "C", 60, 60, 39.37, 39.37, 270],
		[561, "PAD107_2", 2534.3655, -2612.4095, "T", "DIP", "GND", "GND", "C", 60, 60, 39.37, 39.37, 270],
		[562, "PAD107_2", 2534.3655, -2612.4095, "B", "DIP", "GND", "GND", "C", 60, 60, 39.37, 39.37, 270],
		[563, "PAD108_1", 2410.1925, -2206.8895, "T", "DIP", "D1", "", "C", 60, 60, 39.37, 39.37, 270],
		[564, "PAD108_1", 2410.1925, -2206.8895, "B", "DIP", "D1", "", "C", 60, 60, 39.37, 39.37, 270],
		[565, "PAD109_2", 2410.1925, -2612.4095, "T", "DIP", "GND", "GND", "C", 60, 60, 39.37, 39.37, 270],
		[566, "PAD109_2", 2410.1925, -2612.4095, "B", "DIP", "GND", "GND", "C", 60, 60, 39.37, 39.37, 270],
		[567, "PAD110_1", 2286.0195, -2206.8895, "T", "DIP", "D2", "", "C", 60, 60, 39.37, 39.37, 270],
		[568, "PAD110_1", 2286.0195, -2206.8895, "B", "DIP", "D2", "", "C", 60, 60, 39.37, 39.37, 270],
		[569, "PAD111_2", 2286.0195, -2612.4095, "T", "DIP", "GND", "GND", "C", 60, 60, 39.37, 39.37, 270],
		[570, "PAD111_2", 2286.0195, -2612.4095, "B", "DIP", "GND", "GND", "C", 60, 60, 39.37, 39.37, 270],
		[571, "PAD112_1", 2161.8465, -2206.8895, "T", "DIP", "D3", "", "C", 60, 60, 39.37, 39.37, 270],
		[572, "PAD112_1", 2161.8465, -2206.8895, "B", "DIP", "D3", "", "C", 60, 60, 39.37, 39.37, 270],
		[573, "PAD113_2", 2161.8465, -2612.4095, "T", "DIP", "GND", "GND", "C", 60, 60, 39.37, 39.37, 270],
		[574, "PAD113_2", 2161.8465, -2612.4095, "B", "DIP", "GND", "GND", "C", 60, 60, 39.37, 39.37, 270],
		[575, "PAD114_1", 2037.6735, -2206.8895, "T", "DIP", "D4", "", "C", 60, 60, 39.37, 39.37, 270],
		[576, "PAD114_1", 2037.6735, -2206.8895, "B", "DIP", "D4", "", "C", 60, 60, 39.37, 39.37, 270],
		[577, "PAD115_2", 2037.6735, -2612.4095, "T", "DIP", "GND", "GND", "C", 60, 60, 39.37, 39.37, 270],
		[578, "PAD115_2", 2037.6735, -2612.4095, "B", "DIP", "GND", "GND", "C", 60, 60, 39.37, 39.37, 270],
		[579, "PAD116_1", 1913.5005, -2206.8895, "T", "DIP", "D5", "", "C", 60, 60, 39.37, 39.37, 270],
		[580, "PAD116_1", 1913.5005, -2206.8895, "B", "DIP", "D5", "", "C", 60, 60, 39.37, 39.37, 270],
		[581, "PAD117_2", 1913.5005, -2612.4095, "T", "DIP", "GND", "GND", "C", 60, 60, 39.37, 39.37, 270],
		[582, "PAD117_2", 1913.5005, -2612.4095, "B", "DIP", "GND", "GND", "C", 60, 60, 39.37, 39.37, 270],
		[583, "PAD118_1", 1789.3275, -2206.8895, "T", "DIP", "D6", "", "C", 60, 60, 39.37, 39.37, 270],
		[584, "PAD118_1", 1789.3275, -2206.8895, "B", "DIP", "D6", "", "C", 60, 60, 39.37, 39.37, 270],
		[585, "PAD119_2", 1789.3275, -2612.4095, "T", "DIP", "GND", "GND", "C", 60, 60, 39.37, 39.37, 270],
		[586, "PAD119_2", 1789.3275, -2612.4095, "B", "DIP", "GND", "GND", "C", 60, 60, 39.37, 39.37, 270],
		[587, "PAD120_1", 1665.1545, -2206.8895, "T", "DIP", "D7", "", "C", 60, 60, 39.37, 39.37, 270],
		[588, "PAD120_1", 1665.1545, -2206.8895, "B", "DIP", "D7", "", "C", 60, 60, 39.37, 39.37, 270],
		[589, "PAD121_2", 1665.1545, -2612.4095, "T", "DIP", "GND", "GND", "C", 60, 60, 39.37, 39.37, 270],
		[590, "PAD121_2", 1665.1545, -2612.4095, "B", "DIP", "GND", "GND", "C", 60, 60, 39.37, 39.37, 270],
		[591, "PAD122_1", 1535, -2612.76, "T", "DIP", "GND", "GND", "C", 60, 60, 39.37, 39.37, 90],
		[592, "PAD122_1", 1535, -2612.76, "B", "DIP", "GND", "GND", "C", 60, 60, 39.37, 39.37, 90],
		[593, "PAD123_2", 1535, -2207.24, "T", "DIP", "AR6", "", "C", 60, 60, 39.37, 39.37, 90],
		[594, "PAD123_2", 1535, -2207.24, "B", "DIP", "AR6", "", "C", 60, 60, 39.37, 39.37, 90],
		[595, "PAD124_5", 700, -2517.126, "T", "DIP", "AR7", "", "C", 70.8661, 70.8661, 55.1181, 55.1181, 270],
		[596, "PAD124_5", 700, -2517.126, "B", "DIP", "AR7", "", "C", 70.8661, 70.8661, 55.1181, 55.1181, 270],
		[597, "PAD125_6", 700, -2320.2756, "T", "DIP", "VCC", "", "C", 70.8661, 70.8661, 55.1181, 55.1181, 270],
		[598, "PAD125_6", 700, -2320.2756, "B", "DIP", "VCC", "", "C", 70.8661, 70.8661, 55.1181, 55.1181, 270],
		[599, "PAD126_7", 700, -2221.8504, "T", "DIP", "AR6", "", "C", 70.8661, 70.8661, 55.1181, 55.1181, 270],
		[600, "PAD126_7", 700, -2221.8504, "B", "DIP", "AR6", "", "C", 70.8661, 70.8661, 55.1181, 55.1181, 270],
		[601, "PAD127_8", 700, -2123.4252, "T", "DIP", "5V", "", "C", 70.8661, 70.8661, 55.1181, 55.1181, 270],
		[602, "PAD127_8", 700, -2123.4252, "B", "DIP", "5V", "", "C", 70.8661, 70.8661, 55.1181, 55.1181, 270],
		[603, "PAD128_1", 2660, -2612.76, "T", "DIP", "GND", "GND", "C", 60, 60, 39.37, 39.37, 90],
		[604, "PAD128_1", 2660, -2612.76, "B", "DIP", "GND", "GND", "C", 60, 60, 39.37, 39.37, 90],
		[605, "PAD129_2", 2660, -2207.24, "T", "DIP", "$1N15162", "", "C", 60, 60, 39.37, 39.37, 90],
		[606, "PAD129_2", 2660, -2207.24, "B", "DIP", "$1N15162", "", "C", 60, 60, 39.37, 39.37, 90],
		[607, "PAD130_1", 3103.94, -2196.575, "T", "DIP", "$1N15162", "", "C", 78.74, 78.74, 51.182, 51.182, 180],
		[608, "PAD130_1", 3103.94, -2196.575, "B", "DIP", "$1N15162", "", "C", 78.74, 78.74, 51.182, 51.182, 180],
		[609, "PAD131_2", 3596.06, -2196.575, "T", "DIP", "AR5", "", "C", 78.74, 78.74, 51.182, 51.182, 180],
		[610, "PAD131_2", 3596.06, -2196.575, "B", "DIP", "AR5", "", "C", 78.74, 78.74, 51.182, 51.182, 180],
		[611, "PAD132_3", 3103.94, -2393.425, "T", "DIP", "VCC", "", "C", 78.74, 78.74, 51.182, 51.182, 180],
		[612, "PAD132_3", 3103.94, -2393.425, "B", "DIP", "VCC", "", "C", 78.74, 78.74, 51.182, 51.182, 180],
		[613, "PAD133_1", 1405, -2612.76, "T", "DIP", "GND", "GND", "C", 60, 60, 39.37, 39.37, 90],
		[614, "PAD133_1", 1405, -2612.76, "B", "DIP", "GND", "GND", "C", 60, 60, 39.37, 39.37, 90],
		[615, "PAD134_2", 1405, -2207.24, "T", "DIP", "AR7", "", "C", 60, 60, 39.37, 39.37, 90],
		[616, "PAD134_2", 1405, -2207.24, "B", "DIP", "AR7", "", "C", 60, 60, 39.37, 39.37, 90]
	]
}
}